{"stats":{"minecraft:picked_up":{"emendatusenigmatica:zinc_dirty_dust":2,"minecraft:crafting_table":7,"emendatusenigmatica:iron_chunk":58,"emendatusenigmatica:enderium_ingot":1,"immersiveengineering:coal_coke":1,"emendatusenigmatica:gold_chunk":3,"emendatusenigmatica:zinc_fragment":2,"emendatusenigmatica:iron_gear":2,"emendatusenigmatica:constantan_ingot":3,"emendatusenigmatica:osmium_chunk":2,"emendatusenigmatica:silver_crystal":2,"minecraft:comparator":3,"emendatusenigmatica:aluminum_shard":2,"emendatusenigmatica:silver_shard":2,"emendatusenigmatica:aluminum_fragment":2,"emendatusenigmatica:tin_chunk":3,"minecraft:stone":69,"emendatusenigmatica:uranium_ingot":1,"immersiveengineering:mold_gear":1,"emendatusenigmatica:tin_fragment":2,"emendatusenigmatica:aluminum_dirty_dust":2,"create:hand_crank":1,"minecraft:redstone":3,"emendatusenigmatica:nickel_chunk":3,"integrateddynamics:variable":2,"create:zinc_ingot":1,"emendatusenigmatica:uranium_chunk":2,"emendatusenigmatica:electrum_ingot":3,"immersiveengineering:treated_post":2,"emendatusenigmatica:zinc_shard":2,"mekanism:ultimate_logistical_transporter":7,"prettypipes:low_crafting_module":1,"create:andesite_encased_shaft":345,"emendatusenigmatica:brass_ingot":5,"minecraft:gold_ingot":3,"emendatusenigmatica:invar_ingot":4,"minecraft:cobblestone":5,"emendatusenigmatica:zinc_chunk":3,"immersiveengineering:connector_lv":2,"prettypipes:low_extraction_module":1,"emendatusenigmatica:silver_dirty_dust":2,"emendatusenigmatica:steel_ingot":2,"minecraft:oak_log":61,"emendatusenigmatica:osmium_ingot":1,"emendatusenigmatica:osmium_fragment":1,"immersiveengineering:connector_lv_relay":1,"emendatusenigmatica:lead_fragment":2,"emendatusenigmatica:signalum_ingot":2,"emendatusenigmatica:nickel_fragment":2,"emendatusenigmatica:tin_ingot":6,"minecraft:apple":27,"emendatusenigmatica:aluminum_crystal":2,"emendatusenigmatica:nickel_ingot":4,"minecraft:iron_ingot":80,"minecraft:iron_ore":1,"emendatusenigmatica:copper_fragment":2,"minecraft:glowstone_dust":1,"emendatusenigmatica:cast_iron_ingot":2,"minecraft:oak_planks":112,"emendatusenigmatica:aluminum_chunk":3,"emendatusenigmatica:lead_chunk":3,"emendatusenigmatica:lumium_ingot":2,"minecraft:quartz":1,"emendatusenigmatica:copper_plate":2,"emendatusenigmatica:silver_fragment":2,"emendatusenigmatica:silver_ingot":5,"contenttweaker:common_geode":82,"emendatusenigmatica:copper_ingot":18,"emendatusenigmatica:silver_chunk":3,"emendatusenigmatica:aluminum_ingot":2,"emendatusenigmatica:bronze_ingot":5,"emendatusenigmatica:copper_gear":1,"thermal:chiller_ingot_cast":1,"create:wheat_flour":1,"emendatusenigmatica:lead_ingot":5,"emendatusenigmatica:zinc_ingot":4,"emendatusenigmatica:copper_chunk":3,"emendatusenigmatica:nickel_shard":2,"minecraft:diamond":744,"create:brass_ingot":1,"immersiveengineering:wirecoil_copper":6,"minecraft:lever":1,"emendatusenigmatica:nickel_crystal":2,"emendatusenigmatica:uranium_fragment":1,"emendatusenigmatica:nickel_dirty_dust":2,"minecraft:coal":3,"emendatusenigmatica:zinc_crystal":2,"minecraft:ender_pearl":1},"minecraft:used":{"immersiveengineering:conveyor_basic":2,"thermal:machine_crucible":1,"mekanism:configurator":17,"minecraft:redstone":5,"prettypipes:pressurizer":1,"mekanism:basic_fluid_tank":2,"minecraft:chest":7,"prettypipes:wrench":6,"create:fluid_tank":55,"minecraft:dirt":20,"create:mechanical_pump":8,"ironchest:diamond_chest":10,"storagenetwork:inventory_remote":1,"create:mechanical_mixer":1,"minecraft:hopper":11,"create:white_sail":155,"create:cogwheel":27,"ironchest:iron_chest":1,"immersiveengineering:connector_lv":11,"create:depot":5,"mekanism:basic_universal_cable":1,"create:speedometer":7,"integratedcrafting:part_interface_crafting":1,"immersivepetroleum:asphalt":3,"prettypipes:crafting_terminal":3,"mekanism:basic_energy_cube":5,"solarflux:sp_2":1,"immersiveengineering:rs_engineering":1,"immersiveengineering:connector_lv_relay":1,"solarflux:sp_1":1,"create:wrench":4,"minecraft:grass_block":1,"integrateddynamics:part_connector_omni_directional":3,"storagenetwork:master":1,"create:millstone":5,"create:creative_motor":7,"create:andesite_funnel":4,"minecraft:item_frame":6,"integrateddynamics:cable":3,"minecraft:bedrock":1,"immersiveengineering:concrete":12,"carryon:tile_item":1,"cobblefordays:tier_1":2,"create:rotation_speed_controller":2,"create:shaft":3,"minecraft:furnace":1,"emendatusenigmatica:iron_ore":3,"ironchest:gold_chest":2,"create:fluid_pipe":1,"create:smart_fluid_pipe":3,"integratedtunnels:part_interface_item":2,"minecraft:water_bucket":5,"thermal:machine_press":2,"minecraft:iron_ore":2,"steampowered:alternator":2,"sfm:crafter":1,"immersiveengineering:capacitor_lv":6,"immersiveengineering:capacitor_creative":9,"storagenetwork:crafting_remote":1,"minecraft:gold_ore":1,"create:spout":2,"integratedterminals:terminal_storage_portable":2,"minecraft:terracotta":1,"solarflux:sp_5":1,"minecraft:comparator":11,"create:brass_funnel":1,"minecraft:crafting_table":5,"prettypipes:pipe":9,"thermal:machine_furnace":1,"thermal:machine_chiller":1,"emendatusenigmatica:gold_ore":1,"mekanism:creative_energy_cube":1,"prettypipes:item_terminal":3,"minecraft:redstone_torch":1,"minecraft:piston":1,"minecraft:lever":2,"immersiveengineering:hammer":9,"minecraft:diamond_pickaxe":2,"immersiveengineering:heavy_engineering":3,"create:windmill_bearing":2,"createautomated:ore_extractor":9,"thermal:machine_smelter":1,"thermal:machine_crafter":1,"mekanism:ultimate_logistical_transporter":11,"create:basin":24,"minecraft:cobblestone":2,"minecraft:potion":1,"create:stressometer":1,"integratedterminals:part_terminal_storage":1,"create:hand_crank":8,"immersiveengineering:steel_scaffolding_standard":2,"immersiveengineering:wirecoil_copper":16,"solarflux:sp_8":2,"minecraft:stripped_oak_log":1,"minecraft:white_concrete":9,"create:vertical_gearbox":2,"immersiveengineering:treated_post":24,"create:large_cogwheel":6},"minecraft:custom":{"minecraft:inspect_hopper":359,"minecraft:interact_with_crafting_table":7,"minecraft:leave_game":62,"minecraft:time_since_death":6583836,"minecraft:walk_one_cm":32541,"minecraft:drop":169,"minecraft:sneak_time":21750,"minecraft:walk_under_water_one_cm":14448,"minecraft:jump":118,"minecraft:walk_on_water_one_cm":11802,"minecraft:interact_with_furnace":19,"minecraft:play_one_minute":6583836,"minecraft:time_since_rest":6583836,"minecraft:swim_one_cm":20906,"minecraft:fly_one_cm":19600,"minecraft:open_chest":409,"minecraft:crouch_one_cm":6142},"minecraft:crafted":{"emendatusenigmatica:copper_plate":3,"minecraft:crafting_table":1},"minecraft:dropped":{"minecraft:diamond":21,"emendatusenigmatica:zinc_ingot":1,"minecraft:apple":19,"emendatusenigmatica:copper_ingot":10,"immersiveengineering:conveyor_basic":5,"emendatusenigmatica:steel_gear":5,"emendatusenigmatica:brass_ingot":2,"contenttweaker:common_geode":64,"emendatusenigmatica:copper_plate":20,"minecraft:comparator":1,"immersiveengineering:hammer":1,"emendatusenigmatica:iron_gear":20,"create:dough":1,"create:zinc_ingot":1,"create:brass_ingot":1,"create:wheat_flour":2,"minecraft:arrow":9,"minecraft:terracotta":1},"minecraft:mined":{"minecraft:iron_ore":1,"emendatusenigmatica:iron_ore":1}},"DataVersion":2586}