{"stats":{"minecraft:picked_up":{"minecraft:crafting_table":7,"emendatusenigmatica:iron_chunk":1,"minecraft:iron_ore":1,"minecraft:oak_planks":100},"minecraft:custom":{"minecraft:time_since_rest":392874,"minecraft:open_chest":11,"minecraft:play_one_minute":392874,"minecraft:crouch_one_cm":356,"minecraft:walk_one_cm":1434,"minecraft:sneak_time":141,"minecraft:walk_under_water_one_cm":1244,"minecraft:jump":2,"minecraft:leave_game":3,"minecraft:walk_on_water_one_cm":281,"minecraft:time_since_death":392874,"minecraft:fly_one_cm":2646},"minecraft:used":{"minecraft:gold_ore":1,"integratedtunnels:part_interface_item":1,"integrateddynamics:cable":2,"prettypipes:wrench":6,"minecraft:diamond_pickaxe":2,"minecraft:potion":1,"minecraft:iron_ore":2,"ironchest:diamond_chest":5,"integratedterminals:terminal_storage_portable":1,"ironchest:gold_chest":1,"emendatusenigmatica:iron_ore":3,"ironchest:iron_chest":1,"immersiveengineering:capacitor_creative":1,"integrateddynamics:part_connector_omni_directional":1,"prettypipes:pressurizer":1,"integratedterminals:part_terminal_storage":1,"prettypipes:pipe":3,"emendatusenigmatica:gold_ore":1,"prettypipes:crafting_terminal":1,"prettypipes:item_terminal":1},"minecraft:mined":{"emendatusenigmatica:iron_ore":1,"minecraft:iron_ore":1},"minecraft:crafted":{"minecraft:crafting_table":1}},"DataVersion":2586}