{
  "immersiveengineering:recipes/immersiveengineering/crafting/empty_shell": {
    "criteria": {
      "has_coppper_ingot": "2022-10-19 14:41:45 -0700"
    },
    "done": true
  },
  "immersiveengineering:recipes/immersiveengineering/crafting/alu_wallmount": {
    "criteria": {
      "has_aluminum_ingot": "2022-10-19 14:41:47 -0700"
    },
    "done": true
  },
  "create:recipes/create.base/crafting/kinetics/attribute_filter": {
    "criteria": {
      "has_item": "2022-10-26 03:36:20 -0700"
    },
    "done": true
  },
  "immersiveengineering:recipes/immersiveengineering/crafting/ingot_copper_to_nugget_copper": {
    "criteria": {
      "has_ingot_copper": "2022-10-26 03:37:34 -0700"
    },
    "done": true
  },
  "immersiveengineering:recipes/immersiveengineering/crafting/capacitor_lv": {
    "criteria": {
      "has_copper_ingot": "2022-10-19 14:41:45 -0700"
    },
    "done": true
  },
  "ironchest:recipes/ironchest/chests/vanilla_copper_chest": {
    "criteria": {
      "has_item": "2022-10-19 14:41:45 -0700"
    },
    "done": true
  },
  "immersiveengineering:recipes/immersiveengineering/crafting/storage_aluminum_to_ingot_aluminum": {
    "criteria": {
      "has_storage_aluminum": "2022-10-26 03:36:24 -0700"
    },
    "done": true
  },
  "minecraft:recipes/building_blocks/magenta_concrete_powder": {
    "criteria": {
      "has_sand": "2022-10-20 00:07:47 -0700"
    },
    "done": true
  },
  "immersiveengineering:recipes/immersiveengineering/crafting/plate_constantan_hammering": {
    "criteria": {
      "has_constantan_ingot": "2022-10-26 03:36:33 -0700"
    },
    "done": true
  },
  "minecraft:recipes/combat/iron_sword": {
    "criteria": {
      "has_iron_ingot": "2022-10-19 14:41:30 -0700"
    },
    "done": true
  },
  "create:recipes/create.base/crafting/appliances/copper_backtank": {
    "criteria": {
      "has_item": "2022-10-19 14:41:45 -0700"
    },
    "done": true
  },
  "minecraft:recipes/building_blocks/stone_bricks": {
    "criteria": {
      "has_stone": "2022-10-25 14:25:37 -0700"
    },
    "done": true
  },
  "immersiveengineering:recipes/immersiveengineering/crafting/connector_mv": {
    "criteria": {
      "has_electrum_ingot": "2022-10-26 03:36:33 -0700"
    },
    "done": true
  },
  "immersiveengineering:recipes/immersiveengineering/crafting/plate_steel_hammering": {
    "criteria": {
      "has_steel_ingot": "2022-10-26 03:36:34 -0700"
    },
    "done": true
  },
  "immersiveengineering:recipes/immersiveengineering/crafting/ingot_nickel_to_nugget_nickel": {
    "criteria": {
      "has_ingot_nickel": "2022-10-26 03:37:37 -0700"
    },
    "done": true
  },
  "minecraft:recipes/building_blocks/lime_concrete_powder": {
    "criteria": {
      "has_sand": "2022-10-20 00:07:47 -0700"
    },
    "done": true
  },
  "minecraft:recipes/tools/iron_pickaxe": {
    "criteria": {
      "has_iron_ingot": "2022-10-19 14:41:30 -0700"
    },
    "done": true
  },
  "create:recipes/create.base/crafting/kinetics/brass_hand": {
    "criteria": {
      "has_item": "2022-10-26 03:36:20 -0700"
    },
    "done": true
  },
  "minecraft:recipes/building_blocks/yellow_concrete_powder": {
    "criteria": {
      "has_sand": "2022-10-20 00:07:47 -0700"
    },
    "done": true
  },
  "immersiveengineering:recipes/immersiveengineering/crafting/plate_lead_hammering": {
    "criteria": {
      "has_lead_ingot": "2022-10-19 14:41:51 -0700"
    },
    "done": true
  },
  "minecraft:recipes/decorations/crafting_table": {
    "criteria": {
      "has_planks": "2022-10-19 05:59:21 -0700"
    },
    "done": true
  },
  "immersiveengineering:recipes/immersiveengineering/crafting/ingot_lead_to_storage_lead": {
    "criteria": {
      "has_ingot_lead": "2022-10-26 03:36:29 -0700"
    },
    "done": true
  },
  "minecraft:recipes/tools/golden_hoe": {
    "criteria": {
      "has_gold_ingot": "2022-10-19 14:41:30 -0700"
    },
    "done": true
  },
  "immersiveposts:recipes/immersiveposts/fence_copper": {
    "criteria": {
      "has_copper_ingot": "2022-10-19 14:41:45 -0700"
    },
    "done": true
  },
  "minecraft:recipes/building_blocks/smooth_stone": {
    "criteria": {
      "has_stone": "2022-10-25 14:25:37 -0700"
    },
    "done": true
  },
  "minecraft:recipes/misc/iron_nugget": {
    "criteria": {
      "has_iron_ingot": "2022-10-19 14:41:30 -0700"
    },
    "done": true
  },
  "minecraft:recipes/decorations/chest": {
    "criteria": {
      "has_lots_of_items": "2022-10-19 06:01:41 -0700"
    },
    "done": true
  },
  "immersiveengineering:recipes/immersiveengineering/crafting/stick_iron": {
    "criteria": {
      "has_iron_ingot": "2022-10-19 14:41:30 -0700"
    },
    "done": true
  },
  "minecraft:recipes/combat/golden_sword": {
    "criteria": {
      "has_gold_ingot": "2022-10-19 14:41:30 -0700"
    },
    "done": true
  },
  "minecraft:recipes/building_blocks/brown_concrete_powder": {
    "criteria": {
      "has_sand": "2022-10-20 00:07:47 -0700"
    },
    "done": true
  },
  "minecraft:recipes/building_blocks/stone_slab_from_stone_stonecutting": {
    "criteria": {
      "has_stone": "2022-10-25 14:25:37 -0700"
    },
    "done": true
  },
  "immersiveposts:recipes/immersiveposts/fence_constantan": {
    "criteria": {
      "has_constantan_ingot": "2022-10-26 03:36:32 -0700"
    },
    "done": true
  },
  "create:recipes/create.base/crafting/kinetics/fluid_valve": {
    "criteria": {
      "has_item": "2022-10-19 14:41:45 -0700"
    },
    "done": true
  },
  "minecraft:recipes/building_blocks/chiseled_stone_bricks_stone_from_stonecutting": {
    "criteria": {
      "has_stone": "2022-10-25 14:25:37 -0700"
    },
    "done": true
  },
  "create:recipes/create.base/crafting/curiosities/peculiar_bell": {
    "criteria": {
      "has_item": "2022-10-26 03:36:20 -0700"
    },
    "done": true
  },
  "immersiveengineering:recipes/immersiveengineering/crafting/ingot_copper_to_storage_copper": {
    "criteria": {
      "has_ingot_copper": "2022-10-26 03:36:23 -0700"
    },
    "done": true
  },
  "minecraft:recipes/misc/gold_ingot_from_blasting": {
    "criteria": {
      "has_gold_ore": "2022-10-19 14:36:34 -0700"
    },
    "done": true
  },
  "minecraft:recipes/combat/diamond_sword": {
    "criteria": {
      "has_diamond": "2022-10-20 00:10:31 -0700"
    },
    "done": true
  },
  "immersiveengineering:recipes/immersiveengineering/crafting/concrete2": {
    "criteria": {
      "has_slag": "2022-10-20 02:26:03 -0700"
    },
    "done": true
  },
  "create:recipes/create.base/crafting/materials/brass_nugget_from_decompacting": {
    "criteria": {
      "has_item": "2022-10-26 03:36:20 -0700"
    },
    "done": true
  },
  "minecraft:recipes/tools/shears": {
    "criteria": {
      "has_iron_ingot": "2022-10-19 14:41:30 -0700"
    },
    "done": true
  },
  "immersiveengineering:recipes/immersiveengineering/crafting/connector_lv": {
    "criteria": {
      "has_copper_ingot": "2022-10-19 14:41:45 -0700"
    },
    "done": true
  },
  "minecraft:recipes/misc/stick": {
    "criteria": {
      "has_planks": "2022-10-19 05:59:21 -0700"
    },
    "done": true
  },
  "minecraft:recipes/building_blocks/stone_brick_slab_from_stone_stonecutting": {
    "criteria": {
      "has_stone": "2022-10-25 14:25:37 -0700"
    },
    "done": true
  },
  "minecraft:recipes/misc/iron_ingot_from_blasting": {
    "criteria": {
      "has_iron_ore": "2022-10-19 14:36:33 -0700"
    },
    "done": true
  },
  "minecraft:recipes/transportation/spruce_boat": {
    "criteria": {
      "in_water": "2022-10-19 05:51:09 -0700"
    },
    "done": true
  },
  "minecraft:recipes/decorations/jukebox": {
    "criteria": {
      "has_diamond": "2022-10-20 00:10:31 -0700"
    },
    "done": true
  },
  "immersiveengineering:recipes/misc/crafting/paper_from_sawdust": {
    "criteria": {
      "has_sawdust": "2022-10-19 13:34:49 -0700"
    },
    "done": true
  },
  "cb_microblock:recipes/tools/diamond_saw": {
    "criteria": {
      "has_diamond": "2022-10-20 00:10:31 -0700"
    },
    "done": true
  },
  "create:recipes/create.palettes/oak_window": {
    "criteria": {
      "has_ingredient": "2022-10-19 05:59:21 -0700"
    },
    "done": true
  },
  "immersivepetroleum:recipes/immersivepetroleum/projector": {
    "criteria": {
      "has_iron_ingot": "2022-10-19 14:41:30 -0700"
    },
    "done": true
  },
  "immersivepetroleum:recipes/immersivepetroleum/asphalt_stair": {
    "criteria": {
      "has_slag": "2022-10-20 02:26:03 -0700"
    },
    "done": true
  },
  "immersiveengineering:recipes/immersiveengineering/crafting/metal_ladder_none": {
    "criteria": {
      "has_metal_rod": "2022-10-26 03:38:45 -0700"
    },
    "done": true
  },
  "minecraft:recipes/tools/netherite_hoe_smithing": {
    "criteria": {
      "has_netherite_ingot": "2022-10-26 02:07:01 -0700"
    },
    "done": true
  },
  "chisel:recipes/chisel/diamond_chisel": {
    "criteria": {
      "has_diamond": "2022-10-19 14:41:30 -0700"
    },
    "done": true
  },
  "minecraft:recipes/misc/gold_nugget": {
    "criteria": {
      "has_gold_ingot": "2022-10-19 14:41:30 -0700"
    },
    "done": true
  },
  "immersiveengineering:recipes/immersiveengineering/crafting/storage_copper_from_slab": {
    "criteria": {
      "has_storage_copper": "2022-10-26 03:27:08 -0700"
    },
    "done": true
  },
  "minecraft:recipes/combat/iron_leggings": {
    "criteria": {
      "has_iron_ingot": "2022-10-19 14:41:30 -0700"
    },
    "done": true
  },
  "immersiveengineering:main/make_steel": {
    "criteria": {
      "steel": "2022-10-26 03:36:34 -0700"
    },
    "done": true
  },
  "immersiveengineering:recipes/immersiveengineering/crafting/sword_steel": {
    "criteria": {
      "has_steel_ingot": "2022-10-26 03:36:34 -0700"
    },
    "done": true
  },
  "minecraft:recipes/brewing/golden_carrot": {
    "criteria": {
      "has_gold_nugget": "2022-10-19 16:32:01 -0700"
    },
    "done": true
  },
  "minecraft:recipes/combat/shield": {
    "criteria": {
      "has_iron_ingot": "2022-10-19 14:41:30 -0700"
    },
    "done": true
  },
  "create:recipes/create.base/crafting/materials/zinc_block_from_compacting": {
    "criteria": {
      "has_item": "2022-10-26 03:36:19 -0700"
    },
    "done": true
  },
  "immersiveengineering:recipes/immersiveengineering/crafting/voltmeter": {
    "criteria": {
      "has_copper_ingot": "2022-10-19 14:41:45 -0700"
    },
    "done": true
  },
  "minecraft:recipes/tools/netherite_pickaxe_smithing": {
    "criteria": {
      "has_netherite_ingot": "2022-10-26 02:07:01 -0700"
    },
    "done": true
  },
  "minecraft:recipes/misc/bucket": {
    "criteria": {
      "has_iron_ingot": "2022-10-19 14:41:30 -0700"
    },
    "done": true
  },
  "create:brass": {
    "criteria": {
      "0": "2022-10-26 03:36:20 -0700"
    },
    "done": true
  },
  "minecraft:recipes/redstone/hopper": {
    "criteria": {
      "has_iron_ingot": "2022-10-19 14:41:30 -0700"
    },
    "done": true
  },
  "immersiveengineering:recipes/immersiveengineering/crafting/capacitor_mv": {
    "criteria": {
      "has_lead_ingot": "2022-10-19 14:41:51 -0700"
    },
    "done": true
  },
  "immersiveengineering:recipes/immersiveengineering/crafting/nugget_constantan_to_ingot_constantan": {
    "criteria": {
      "has_nugget_constantan": "2022-10-26 03:37:40 -0700"
    },
    "done": true
  },
  "immersiveengineering:recipes/immersiveengineering/crafting/alu_fence": {
    "criteria": {
      "has_alu_ingot": "2022-10-19 14:41:47 -0700"
    },
    "done": true
  },
  "immersiveengineering:recipes/immersiveengineering/crafting/plate_nickel_hammering": {
    "criteria": {
      "has_nickel_ingot": "2022-10-19 14:41:52 -0700"
    },
    "done": true
  },
  "create:recipes/create.base/crafting/materials/brass_casing": {
    "criteria": {
      "has_item": "2022-10-26 03:36:20 -0700"
    },
    "done": true
  },
  "cb_microblock:recipes/tools/iron_saw": {
    "criteria": {
      "has_iron": "2022-10-19 14:41:30 -0700"
    },
    "done": true
  },
  "immersiveengineering:recipes/immersiveengineering/crafting/earmuffs": {
    "criteria": {
      "has_iron_rod": "2022-10-26 03:38:45 -0700"
    },
    "done": true
  },
  "minecraft:recipes/building_blocks/light_gray_concrete_powder": {
    "criteria": {
      "has_sand": "2022-10-20 00:07:47 -0700"
    },
    "done": true
  },
  "minecraft:recipes/building_blocks/light_blue_concrete_powder": {
    "criteria": {
      "has_sand": "2022-10-20 00:07:47 -0700"
    },
    "done": true
  },
  "immersiveengineering:recipes/immersiveengineering/crafting/ingot_lead_to_nugget_lead": {
    "criteria": {
      "has_ingot_lead": "2022-10-26 03:37:36 -0700"
    },
    "done": true
  },
  "immersiveengineering:recipes/immersiveengineering/crafting/hoe_steel": {
    "criteria": {
      "has_steel_ingot": "2022-10-26 03:36:34 -0700"
    },
    "done": true
  },
  "ironchest:recipes/ironchest/chests/copper_silver_chest": {
    "criteria": {
      "has_item": "2022-10-19 14:41:50 -0700"
    },
    "done": true
  },
  "immersiveengineering:recipes/immersiveengineering/crafting/ingot_silver_to_nugget_silver": {
    "criteria": {
      "has_ingot_silver": "2022-10-26 03:37:36 -0700"
    },
    "done": true
  },
  "immersiveengineering:recipes/immersiveengineering/crafting/drillhead_steel": {
    "criteria": {
      "has_steel_ingot": "2022-10-26 03:36:34 -0700"
    },
    "done": true
  },
  "minecraft:recipes/building_blocks/glass": {
    "criteria": {
      "has_sand": "2022-10-20 00:07:47 -0700"
    },
    "done": true
  },
  "minecraft:recipes/combat/iron_helmet": {
    "criteria": {
      "has_iron_ingot": "2022-10-19 14:41:30 -0700"
    },
    "done": true
  },
  "minecraft:recipes/tools/golden_shovel": {
    "criteria": {
      "has_gold_ingot": "2022-10-19 14:41:30 -0700"
    },
    "done": true
  },
  "minecraft:recipes/building_blocks/pink_concrete_powder": {
    "criteria": {
      "has_sand": "2022-10-20 00:07:47 -0700"
    },
    "done": true
  },
  "immersiveengineering:recipes/misc/crafting/gunpowder_from_dusts": {
    "criteria": {
      "has_sulfur": "2022-10-19 13:34:39 -0700"
    },
    "done": true
  },
  "minecraft:recipes/redstone/oak_fence_gate": {
    "criteria": {
      "has_planks": "2022-10-19 05:59:21 -0700"
    },
    "done": true
  },
  "immersivepetroleum:recipes/immersivepetroleum/asphalt": {
    "criteria": {
      "has_slag": "2022-10-20 02:26:03 -0700"
    },
    "done": true
  },
  "immersiveengineering:recipes/immersiveengineering/crafting/constantan_mix": {
    "criteria": {
      "has_nickel_dust": "2022-10-19 15:06:51 -0700"
    },
    "done": true
  },
  "minecraft:recipes/building_blocks/purple_concrete_powder": {
    "criteria": {
      "has_sand": "2022-10-20 00:07:47 -0700"
    },
    "done": true
  },
  "minecraft:recipes/building_blocks/stone_stairs_from_stone_stonecutting": {
    "criteria": {
      "has_stone": "2022-10-25 14:25:37 -0700"
    },
    "done": true
  },
  "ironchest:recipes/ironchest/upgrades/copper_to_silver_chest_upgrade": {
    "criteria": {
      "has_item": "2022-10-19 14:41:45 -0700"
    },
    "done": true
  },
  "minecraft:recipes/decorations/iron_bars": {
    "criteria": {
      "has_iron_ingot": "2022-10-19 14:41:30 -0700"
    },
    "done": true
  },
  "immersiveengineering:recipes/immersiveengineering/crafting/hammer": {
    "criteria": {
      "has_iron_ingot": "2022-10-19 14:41:30 -0700"
    },
    "done": true
  },
  "immersiveengineering:recipes/immersiveengineering/crafting/coil_mv": {
    "criteria": {
      "has_iron_ingot": "2022-10-19 14:41:30 -0700"
    },
    "done": true
  },
  "minecraft:recipes/building_blocks/gold_block": {
    "criteria": {
      "has_gold_ingot": "2022-10-19 14:41:30 -0700"
    },
    "done": true
  },
  "ironchest:recipes/ironchest/chests/silver_gold_chest": {
    "criteria": {
      "has_item": "2022-10-19 14:41:50 -0700"
    },
    "done": true
  },
  "minecraft:recipes/combat/diamond_chestplate": {
    "criteria": {
      "has_diamond": "2022-10-20 00:10:31 -0700"
    },
    "done": true
  },
  "immersiveengineering:recipes/immersiveengineering/crafting/axe_steel": {
    "criteria": {
      "has_steel_ingot": "2022-10-26 03:36:34 -0700"
    },
    "done": true
  },
  "minecraft:recipes/transportation/minecart": {
    "criteria": {
      "has_iron_ingot": "2022-10-19 14:41:30 -0700"
    },
    "done": true
  },
  "minecraft:recipes/combat/diamond_leggings": {
    "criteria": {
      "has_diamond": "2022-10-20 00:10:31 -0700"
    },
    "done": true
  },
  "immersiveengineering:recipes/immersiveengineering/crafting/sawblade": {
    "criteria": {
      "has_steel_ingot": "2022-10-26 03:36:34 -0700"
    },
    "done": true
  },
  "minecraft:recipes/building_blocks/sandstone": {
    "criteria": {
      "has_sand": "2022-10-20 00:07:47 -0700"
    },
    "done": true
  },
  "immersiveengineering:recipes/immersiveengineering/crafting/connector_mv_relay": {
    "criteria": {
      "has_electrum_ingot": "2022-10-26 03:36:33 -0700"
    },
    "done": true
  },
  "immersiveengineering:recipes/immersiveengineering/crafting/ingot_steel_to_storage_steel": {
    "criteria": {
      "has_ingot_steel": "2022-10-26 03:36:34 -0700"
    },
    "done": true
  },
  "minecraft:recipes/tools/iron_hoe": {
    "criteria": {
      "has_iron_ingot": "2022-10-19 14:41:30 -0700"
    },
    "done": true
  },
  "create:recipes/create.base/crafting/kinetics/mechanical_pump": {
    "criteria": {
      "has_item": "2022-10-19 14:41:45 -0700"
    },
    "done": true
  },
  "minecraft:husbandry/root": {
    "criteria": {
      "consumed_item": "2022-10-19 05:51:26 -0700"
    },
    "done": true
  },
  "minecraft:recipes/building_blocks/netherite_block": {
    "criteria": {
      "has_netherite_ingot": "2022-10-26 02:07:01 -0700"
    },
    "done": true
  },
  "minecraft:recipes/transportation/birch_boat": {
    "criteria": {
      "in_water": "2022-10-19 05:51:09 -0700"
    },
    "done": true
  },
  "minecraft:recipes/food/golden_apple": {
    "criteria": {
      "has_gold_ingot": "2022-10-19 14:41:30 -0700"
    },
    "done": true
  },
  "minecraft:recipes/building_blocks/oak_stairs": {
    "criteria": {
      "has_planks": "2022-10-19 05:59:21 -0700"
    },
    "done": true
  },
  "immersiveengineering:recipes/immersiveengineering/crafting/coil_lv": {
    "criteria": {
      "has_iron_ingot": "2022-10-19 14:41:30 -0700"
    },
    "done": true
  },
  "ironchest:recipes/ironchest/chests/copper_iron_chest": {
    "criteria": {
      "has_item": "2022-10-19 14:41:30 -0700"
    },
    "done": true
  },
  "minecraft:recipes/building_blocks/green_concrete_powder": {
    "criteria": {
      "has_sand": "2022-10-20 00:07:47 -0700"
    },
    "done": true
  },
  "immersiveengineering:recipes/immersiveengineering/crafting/wire_lead": {
    "criteria": {
      "has_lead_ingot": "2022-10-19 14:41:51 -0700"
    },
    "done": true
  },
  "minecraft:recipes/transportation/acacia_boat": {
    "criteria": {
      "in_water": "2022-10-19 05:51:09 -0700"
    },
    "done": true
  },
  "minecraft:recipes/tools/iron_shovel": {
    "criteria": {
      "has_iron_ingot": "2022-10-19 14:41:30 -0700"
    },
    "done": true
  },
  "minecraft:recipes/redstone/iron_trapdoor": {
    "criteria": {
      "has_iron_ingot": "2022-10-19 14:41:30 -0700"
    },
    "done": true
  },
  "create:recipes/create.base/crafting/materials/copper_block_from_compacting": {
    "criteria": {
      "has_item": "2022-10-26 03:36:18 -0700"
    },
    "done": true
  },
  "create:recipes/create.base/crafting/materials/zinc_nugget_from_decompacting": {
    "criteria": {
      "has_item": "2022-10-26 03:36:19 -0700"
    },
    "done": true
  },
  "immersiveengineering:recipes/immersiveengineering/crafting/toolbox": {
    "criteria": {
      "has_iron_ingot": "2022-10-19 14:41:30 -0700"
    },
    "done": true
  },
  "immersiveengineering:recipes/immersiveengineering/crafting/connector_hv": {
    "criteria": {
      "has_aluminum_ingot": "2022-10-19 14:41:30 -0700"
    },
    "done": true
  },
  "immersiveengineering:recipes/immersiveengineering/crafting/component_iron": {
    "criteria": {
      "has_iron_ingot": "2022-10-19 14:41:30 -0700"
    },
    "done": true
  },
  "immersiveengineering:recipes/immersiveengineering/crafting/plate_iron_hammering": {
    "criteria": {
      "has_iron_ingot": "2022-10-19 14:41:30 -0700"
    },
    "done": true
  },
  "immersiveengineering:recipes/immersiveengineering/crafting/ingot_uranium_to_nugget_uranium": {
    "criteria": {
      "has_ingot_uranium": "2022-10-26 03:37:38 -0700"
    },
    "done": true
  },
  "immersiveengineering:recipes/immersiveengineering/crafting/plate_silver_hammering": {
    "criteria": {
      "has_silver_ingot": "2022-10-19 14:41:50 -0700"
    },
    "done": true
  },
  "minecraft:recipes/building_blocks/white_concrete_powder": {
    "criteria": {
      "has_sand": "2022-10-20 00:07:47 -0700"
    },
    "done": true
  },
  "minecraft:recipes/building_blocks/stone_brick_stairs_from_stone_stonecutting": {
    "criteria": {
      "has_stone": "2022-10-25 14:25:37 -0700"
    },
    "done": true
  },
  "create:recipes/create.base/blasting/copper_ingot_from_ore": {
    "criteria": {
      "has_item": "2022-10-19 14:38:15 -0700"
    },
    "done": true
  },
  "minecraft:recipes/tools/diamond_pickaxe": {
    "criteria": {
      "has_diamond": "2022-10-20 00:10:31 -0700"
    },
    "done": true
  },
  "minecraft:recipes/tools/diamond_hoe": {
    "criteria": {
      "has_diamond": "2022-10-20 00:10:31 -0700"
    },
    "done": true
  },
  "immersiveengineering:recipes/immersiveengineering/crafting/heavy_engineering": {
    "criteria": {
      "has_electrum_ingot": "2022-10-26 03:36:33 -0700"
    },
    "done": true
  },
  "immersiveengineering:recipes/immersiveengineering/crafting/generator": {
    "criteria": {
      "has_electrum_ingot": "2022-10-26 03:36:33 -0700"
    },
    "done": true
  },
  "minecraft:recipes/tools/diamond_shovel": {
    "criteria": {
      "has_diamond": "2022-10-20 00:10:31 -0700"
    },
    "done": true
  },
  "minecraft:recipes/misc/ender_eye": {
    "criteria": {
      "has_blaze_powder": "2022-10-20 00:07:52 -0700"
    },
    "done": true
  },
  "create:recipes/create.base/crafting/materials/andesite_alloy_from_zinc": {
    "criteria": {
      "has_item": "2022-10-19 14:41:57 -0700"
    },
    "done": true
  },
  "chisel:recipes/chisel/auto_chisel": {
    "criteria": {
      "has_iron": "2022-10-19 14:41:30 -0700"
    },
    "done": true
  },
  "immersiveengineering:recipes/immersiveengineering/crafting/wirecutter": {
    "criteria": {
      "has_iron_ingot": "2022-10-19 14:41:30 -0700"
    },
    "done": true
  },
  "chisel:recipes/chisel/factory/dots": {
    "criteria": {
      "has_iron": "2022-10-19 14:41:30 -0700"
    },
    "done": true
  },
  "immersiveengineering:recipes/immersiveengineering/crafting/plate_electrum_hammering": {
    "criteria": {
      "has_electrum_ingot": "2022-10-26 03:36:33 -0700"
    },
    "done": true
  },
  "chisel:recipes/chisel/iron_chisel": {
    "criteria": {
      "has_iron": "2022-10-19 14:41:30 -0700"
    },
    "done": true
  },
  "create:root": {
    "criteria": {
      "0": "2022-10-19 05:51:05 -0700"
    },
    "done": true
  },
  "immersiveengineering:recipes/immersiveengineering/crafting/nugget_silver_to_ingot_silver": {
    "criteria": {
      "has_nugget_silver": "2022-10-26 03:37:36 -0700"
    },
    "done": true
  },
  "immersiveposts:recipes/immersiveposts/fence_nickel": {
    "criteria": {
      "has_nickel_ingot": "2022-10-19 14:41:52 -0700"
    },
    "done": true
  },
  "minecraft:recipes/decorations/chain": {
    "criteria": {
      "has_iron_ingot": "2022-10-19 14:41:30 -0700"
    },
    "done": true
  },
  "immersiveposts:recipes/immersiveposts/fence_lead": {
    "criteria": {
      "has_lead_ingot": "2022-10-19 14:41:51 -0700"
    },
    "done": true
  },
  "minecraft:recipes/misc/gold_ingot_from_nuggets": {
    "criteria": {
      "has_gold_nugget": "2022-10-19 16:32:01 -0700"
    },
    "done": true
  },
  "immersiveengineering:recipes/immersiveengineering/crafting/screwdriver": {
    "criteria": {
      "has_iron_ingot": "2022-10-19 14:41:30 -0700"
    },
    "done": true
  },
  "minecraft:story/mine_diamond": {
    "criteria": {
      "diamond": "2022-10-20 00:10:31 -0700"
    },
    "done": true
  },
  "minecraft:recipes/combat/netherite_boots_smithing": {
    "criteria": {
      "has_netherite_ingot": "2022-10-26 02:07:01 -0700"
    },
    "done": true
  },
  "immersiveposts:recipes/immersiveposts/has_copper_rod": {
    "criteria": {
      "has_copper_ingot": "2022-10-19 14:41:45 -0700"
    },
    "done": true
  },
  "minecraft:recipes/combat/diamond_helmet": {
    "criteria": {
      "has_diamond": "2022-10-20 00:10:31 -0700"
    },
    "done": true
  },
  "minecraft:recipes/decorations/oak_fence": {
    "criteria": {
      "has_planks": "2022-10-19 05:59:21 -0700"
    },
    "done": true
  },
  "minecraft:recipes/transportation/oak_boat": {
    "criteria": {
      "in_water": "2022-10-19 05:51:09 -0700"
    },
    "done": true
  },
  "immersiveengineering:recipes/immersiveengineering/crafting/storage_copper_to_ingot_copper": {
    "criteria": {
      "has_storage_copper": "2022-10-26 03:36:23 -0700"
    },
    "done": true
  },
  "immersiveposts:recipes/immersiveposts/has_nickel_rod": {
    "criteria": {
      "has_nickel_ingot": "2022-10-19 14:41:52 -0700"
    },
    "done": true
  },
  "immersiveengineering:recipes/immersiveengineering/crafting/connector_hv_relay": {
    "criteria": {
      "has_aluminum_ingot": "2022-10-19 14:41:30 -0700"
    },
    "done": true
  },
  "immersiveengineering:recipes/immersiveengineering/crafting/ingot_constantan_to_storage_constantan": {
    "criteria": {
      "has_ingot_constantan": "2022-10-26 03:36:33 -0700"
    },
    "done": true
  },
  "create:recipes/create.base/crafting/logistics/brass_funnel": {
    "criteria": {
      "has_item": "2022-10-26 03:36:20 -0700"
    },
    "done": true
  },
  "integratedterminals:storage_terminal/gui_storage_terminal": {
    "criteria": {
      "criteria_0": "2022-10-19 06:03:40 -0700"
    },
    "done": true
  },
  "minecraft:recipes/building_blocks/orange_concrete_powder": {
    "criteria": {
      "has_sand": "2022-10-20 00:07:47 -0700"
    },
    "done": true
  },
  "minecraft:recipes/building_blocks/oak_slab": {
    "criteria": {
      "has_planks": "2022-10-19 05:59:21 -0700"
    },
    "done": true
  },
  "minecraft:recipes/building_blocks/cyan_concrete_powder": {
    "criteria": {
      "has_sand": "2022-10-20 00:07:47 -0700"
    },
    "done": true
  },
  "minecraft:recipes/combat/golden_boots": {
    "criteria": {
      "has_gold_ingot": "2022-10-19 14:41:30 -0700"
    },
    "done": true
  },
  "immersiveengineering:recipes/immersiveengineering/crafting/ingot_constantan_to_nugget_constantan": {
    "criteria": {
      "has_ingot_constantan": "2022-10-26 03:37:40 -0700"
    },
    "done": true
  },
  "immersiveengineering:recipes/immersiveengineering/crafting/nugget_aluminum_to_ingot_aluminum": {
    "criteria": {
      "has_nugget_aluminum": "2022-10-26 03:37:35 -0700"
    },
    "done": true
  },
  "immersivepetroleum:recipes/immersivepetroleum/upgrade_rudders": {
    "criteria": {
      "has_iron_rod": "2022-10-26 03:38:45 -0700"
    },
    "done": true
  },
  "create:recipes/create.base/smelting/zinc_ingot_from_ore": {
    "criteria": {
      "has_item": "2022-10-19 14:39:24 -0700"
    },
    "done": true
  },
  "immersiveengineering:recipes/immersiveengineering/crafting/wire_electrum": {
    "criteria": {
      "has_electrum_ingot": "2022-10-26 03:36:33 -0700"
    },
    "done": true
  },
  "immersiveengineering:recipes/immersiveengineering/crafting/nugget_nickel_to_ingot_nickel": {
    "criteria": {
      "has_nugget_nickel": "2022-10-26 03:37:37 -0700"
    },
    "done": true
  },
  "immersiveengineering:recipes/immersiveengineering/crafting/steel_wallmount": {
    "criteria": {
      "has_steel_ingot": "2022-10-26 03:36:34 -0700"
    },
    "done": true
  },
  "immersiveengineering:recipes/immersiveengineering/crafting/radiator": {
    "criteria": {
      "has_copper_ingot": "2022-10-19 14:41:45 -0700"
    },
    "done": true
  },
  "immersiveengineering:recipes/immersiveengineering/crafting/sawdust": {
    "criteria": {
      "has_sawdust": "2022-10-19 13:34:49 -0700"
    },
    "done": true
  },
  "immersiveengineering:recipes/immersiveengineering/crafting/pickaxe_steel": {
    "criteria": {
      "has_steel_ingot": "2022-10-26 03:36:34 -0700"
    },
    "done": true
  },
  "create:recipes/create.base/crafting/materials/brass_block_from_compacting": {
    "criteria": {
      "has_item": "2022-10-26 03:36:20 -0700"
    },
    "done": true
  },
  "minecraft:recipes/building_blocks/stone_bricks_from_stone_stonecutting": {
    "criteria": {
      "has_stone": "2022-10-25 14:25:37 -0700"
    },
    "done": true
  },
  "chisel:recipes/chisel/tyrian/shining": {
    "criteria": {
      "has_iron": "2022-10-19 14:41:30 -0700"
    },
    "done": true
  },
  "minecraft:recipes/combat/golden_chestplate": {
    "criteria": {
      "has_gold_ingot": "2022-10-19 14:41:30 -0700"
    },
    "done": true
  },
  "immersiveengineering:recipes/immersiveengineering/crafting/ingot_uranium_to_storage_uranium": {
    "criteria": {
      "has_ingot_uranium": "2022-10-26 03:36:32 -0700"
    },
    "done": true
  },
  "minecraft:recipes/tools/diamond_axe": {
    "criteria": {
      "has_diamond": "2022-10-20 00:10:31 -0700"
    },
    "done": true
  },
  "immersiveengineering:recipes/immersiveengineering/crafting/rs_engineering": {
    "criteria": {
      "has_copper_ingot": "2022-10-19 14:41:45 -0700"
    },
    "done": true
  },
  "minecraft:recipes/tools/netherite_shovel_smithing": {
    "criteria": {
      "has_netherite_ingot": "2022-10-26 02:07:01 -0700"
    },
    "done": true
  },
  "immersiveengineering:recipes/immersiveengineering/crafting/storage_steel_to_ingot_steel": {
    "criteria": {
      "has_storage_steel": "2022-10-26 03:36:34 -0700"
    },
    "done": true
  },
  "immersiveengineering:recipes/immersiveengineering/crafting/nugget_steel_to_ingot_steel": {
    "criteria": {
      "has_nugget_steel": "2022-10-26 03:37:42 -0700"
    },
    "done": true
  },
  "immersiveposts:recipes/immersiveposts/has_silver_rod": {
    "criteria": {
      "has_silver_ingot": "2022-10-19 14:41:50 -0700"
    },
    "done": true
  },
  "immersiveengineering:recipes/immersiveengineering/crafting/plate_copper_hammering": {
    "criteria": {
      "has_copper_ingot": "2022-10-19 14:41:45 -0700"
    },
    "done": true
  },
  "minecraft:recipes/combat/netherite_leggings_smithing": {
    "criteria": {
      "has_netherite_ingot": "2022-10-26 02:07:01 -0700"
    },
    "done": true
  },
  "immersiveposts:recipes/immersiveposts/fence_silver": {
    "criteria": {
      "has_silver_ingot": "2022-10-19 14:41:50 -0700"
    },
    "done": true
  },
  "create:recipes/create.base/crafting/materials/brass_ingot_from_compacting": {
    "criteria": {
      "has_item": "2022-10-26 03:37:33 -0700"
    },
    "done": true
  },
  "immersiveengineering:recipes/immersiveengineering/crafting/wirecoil_electrum": {
    "criteria": {
      "has_electrum_ingot": "2022-10-26 03:36:33 -0700"
    },
    "done": true
  },
  "immersiveengineering:recipes/immersiveengineering/crafting/coil_hv": {
    "criteria": {
      "has_steel_ingot": "2022-10-26 03:36:34 -0700"
    },
    "done": true
  },
  "minecraft:recipes/building_blocks/iron_block": {
    "criteria": {
      "has_iron_ingot": "2022-10-19 14:41:30 -0700"
    },
    "done": true
  },
  "create:recipes/create.base/crafting/kinetics/copper_valve_handle_from_others": {
    "criteria": {
      "has_item": "2022-10-19 14:41:45 -0700"
    },
    "done": true
  },
  "immersiveengineering:recipes/immersiveengineering/crafting/speedloader": {
    "criteria": {
      "has_steel_ingot": "2022-10-26 03:36:34 -0700"
    },
    "done": true
  },
  "minecraft:recipes/combat/netherite_chestplate_smithing": {
    "criteria": {
      "has_netherite_ingot": "2022-10-26 02:07:01 -0700"
    },
    "done": true
  },
  "ironchest:recipes/ironchest/chests/iron_gold_chest": {
    "criteria": {
      "has_gold_ingot": "2022-10-19 14:41:30 -0700"
    },
    "done": true
  },
  "minecraft:recipes/building_blocks/stone_slab": {
    "criteria": {
      "has_stone": "2022-10-25 14:25:37 -0700"
    },
    "done": true
  },
  "minecraft:recipes/misc/gold_ingot": {
    "criteria": {
      "has_gold_ore": "2022-10-19 14:36:34 -0700"
    },
    "done": true
  },
  "minecraft:recipes/redstone/light_weighted_pressure_plate": {
    "criteria": {
      "has_gold_ingot": "2022-10-19 14:41:30 -0700"
    },
    "done": true
  },
  "create:recipes/create.base/crafting/materials/andesite_alloy": {
    "criteria": {
      "has_item": "2022-10-19 14:41:30 -0700"
    },
    "done": true
  },
  "immersiveengineering:recipes/immersiveengineering/crafting/storage_electrum_to_ingot_electrum": {
    "criteria": {
      "has_storage_electrum": "2022-10-26 03:36:33 -0700"
    },
    "done": true
  },
  "minecraft:recipes/building_blocks/blue_concrete_powder": {
    "criteria": {
      "has_sand": "2022-10-20 00:07:47 -0700"
    },
    "done": true
  },
  "minecraft:recipes/building_blocks/gray_concrete_powder": {
    "criteria": {
      "has_sand": "2022-10-20 00:07:47 -0700"
    },
    "done": true
  },
  "minecraft:recipes/tools/netherite_axe_smithing": {
    "criteria": {
      "has_netherite_ingot": "2022-10-26 02:07:01 -0700"
    },
    "done": true
  },
  "immersiveengineering:recipes/immersiveengineering/crafting/ingot_aluminum_to_storage_aluminum": {
    "criteria": {
      "has_ingot_aluminum": "2022-10-26 03:36:24 -0700"
    },
    "done": true
  },
  "immersiveengineering:recipes/immersiveengineering/crafting/wirecoil_steel": {
    "criteria": {
      "has_steel_ingot": "2022-10-26 03:36:34 -0700"
    },
    "done": true
  },
  "immersiveengineering:recipes/immersiveengineering/crafting/storage_nickel_to_ingot_nickel": {
    "criteria": {
      "has_storage_nickel": "2022-10-26 03:36:31 -0700"
    },
    "done": true
  },
  "minecraft:recipes/tools/golden_axe": {
    "criteria": {
      "has_gold_ingot": "2022-10-19 14:41:30 -0700"
    },
    "done": true
  },
  "immersiveengineering:recipes/immersiveengineering/crafting/alu_scaffolding_standard": {
    "criteria": {
      "has_alu_ingot": "2022-10-19 14:41:47 -0700"
    },
    "done": true
  },
  "create:recipes/create.base/crafting/logistics/redstone_link": {
    "criteria": {
      "has_item": "2022-10-26 03:36:20 -0700"
    },
    "done": true
  },
  "immersiveengineering:recipes/immersiveengineering/crafting/wire_steel": {
    "criteria": {
      "has_steel_ingot": "2022-10-26 03:36:34 -0700"
    },
    "done": true
  },
  "immersiveengineering:recipes/immersiveengineering/crafting/gunpart_hammer": {
    "criteria": {
      "has_ingot_steel": "2022-10-26 03:36:34 -0700"
    },
    "done": true
  },
  "minecraft:recipes/tools/iron_axe": {
    "criteria": {
      "has_iron_ingot": "2022-10-19 14:41:30 -0700"
    },
    "done": true
  },
  "immersiveengineering:recipes/immersiveengineering/crafting/wire_copper": {
    "criteria": {
      "has_copper_ingot": "2022-10-19 14:41:45 -0700"
    },
    "done": true
  },
  "immersiveengineering:recipes/immersiveengineering/crafting/strip_curtain": {
    "criteria": {
      "has_metal_rod": "2022-10-26 03:38:45 -0700"
    },
    "done": true
  },
  "minecraft:recipes/combat/golden_helmet": {
    "criteria": {
      "has_gold_ingot": "2022-10-19 14:41:30 -0700"
    },
    "done": true
  },
  "immersiveengineering:recipes/immersiveengineering/crafting/rockcutter": {
    "criteria": {
      "has_steel_ingot": "2022-10-26 03:36:34 -0700"
    },
    "done": true
  },
  "minecraft:recipes/redstone/oak_pressure_plate": {
    "criteria": {
      "has_planks": "2022-10-19 05:59:21 -0700"
    },
    "done": true
  },
  "minecraft:recipes/combat/iron_boots": {
    "criteria": {
      "has_iron_ingot": "2022-10-19 14:41:30 -0700"
    },
    "done": true
  },
  "create:recipes/create.base/crafting/logistics/brass_tunnel": {
    "criteria": {
      "has_item": "2022-10-26 03:36:20 -0700"
    },
    "done": true
  },
  "immersiveengineering:recipes/immersiveengineering/crafting/connector_redstone": {
    "criteria": {
      "has_electrum_nugget": "2022-10-26 03:37:41 -0700"
    },
    "done": true
  },
  "minecraft:recipes/building_blocks/black_concrete_powder": {
    "criteria": {
      "has_sand": "2022-10-20 00:07:47 -0700"
    },
    "done": true
  },
  "immersiveengineering:recipes/immersiveengineering/crafting/connector_structural": {
    "criteria": {
      "has_steel_ingot": "2022-10-26 03:36:34 -0700"
    },
    "done": true
  },
  "ironchest:recipes/ironchest/chests/gold_diamond_chest": {
    "criteria": {
      "has_diamonds": "2022-10-20 00:10:31 -0700"
    },
    "done": true
  },
  "immersiveengineering:recipes/immersiveengineering/crafting/wirecoil_copper": {
    "criteria": {
      "has_copper_ingot": "2022-10-19 14:41:45 -0700"
    },
    "done": true
  },
  "minecraft:story/root": {
    "criteria": {
      "crafting_table": "2022-10-19 06:01:40 -0700"
    },
    "done": true
  },
  "minecraft:recipes/redstone/stone_button": {
    "criteria": {
      "has_stone": "2022-10-25 14:25:37 -0700"
    },
    "done": true
  },
  "minecraft:recipes/combat/crossbow": {
    "criteria": {
      "has_iron_ingot": "2022-10-19 14:41:30 -0700"
    },
    "done": true
  },
  "minecraft:recipes/combat/iron_chestplate": {
    "criteria": {
      "has_iron_ingot": "2022-10-19 14:41:30 -0700"
    },
    "done": true
  },
  "immersiveposts:recipes/immersiveposts/has_lead_rod": {
    "criteria": {
      "has_lead_ingot": "2022-10-19 14:41:51 -0700"
    },
    "done": true
  },
  "create:recipes/create.base/crafting/kinetics/copper_valve_handle": {
    "criteria": {
      "has_item": "2022-10-19 14:41:45 -0700"
    },
    "done": true
  },
  "immersiveposts:recipes/immersiveposts/fence_uranium": {
    "criteria": {
      "has_uranium_ingot": "2022-10-19 14:41:52 -0700"
    },
    "done": true
  },
  "immersiveposts:recipes/immersiveposts/has_electrum_rod": {
    "criteria": {
      "has_electrum_ingot": "2022-10-26 03:36:33 -0700"
    },
    "done": true
  },
  "minecraft:recipes/decorations/lodestone": {
    "criteria": {
      "has_netherite_ingot": "2022-10-26 02:07:01 -0700"
    },
    "done": true
  },
  "immersiveposts:recipes/immersiveposts/has_constantan_rod": {
    "criteria": {
      "has_constantan_ingot": "2022-10-26 03:36:32 -0700"
    },
    "done": true
  },
  "minecraft:recipes/decorations/oak_sign": {
    "criteria": {
      "has_oak_planks": "2022-10-19 05:59:21 -0700"
    },
    "done": true
  },
  "minecraft:recipes/redstone/oak_trapdoor": {
    "criteria": {
      "has_planks": "2022-10-19 05:59:21 -0700"
    },
    "done": true
  },
  "immersiveposts:recipes/immersiveposts/has_uranium_rod": {
    "criteria": {
      "has_uranium_ingot": "2022-10-19 14:41:52 -0700"
    },
    "done": true
  },
  "immersiveengineering:recipes/immersiveengineering/crafting/steel_fence": {
    "criteria": {
      "has_steel_ingot": "2022-10-26 03:36:34 -0700"
    },
    "done": true
  },
  "immersiveposts:recipes/immersiveposts/fence_iron": {
    "criteria": {
      "has_iron_ingot": "2022-10-19 14:41:30 -0700"
    },
    "done": true
  },
  "create:recipes/create.base/crafting/kinetics/empty_blaze_burner": {
    "criteria": {
      "has_item": "2022-10-19 14:41:30 -0700"
    },
    "done": true
  },
  "immersiveengineering:recipes/immersiveengineering/crafting/ingot_nickel_to_storage_nickel": {
    "criteria": {
      "has_ingot_nickel": "2022-10-26 03:36:31 -0700"
    },
    "done": true
  },
  "minecraft:recipes/building_blocks/red_concrete_powder": {
    "criteria": {
      "has_sand": "2022-10-20 00:07:47 -0700"
    },
    "done": true
  },
  "immersiveengineering:recipes/immersiveengineering/crafting/stick_steel": {
    "criteria": {
      "has_steel_ingot": "2022-10-26 03:36:34 -0700"
    },
    "done": true
  },
  "immersiveengineering:recipes/immersiveengineering/crafting/plate_aluminum_hammering": {
    "criteria": {
      "has_aluminum_ingot": "2022-10-19 14:41:47 -0700"
    },
    "done": true
  },
  "immersiveengineering:recipes/immersiveengineering/crafting/shovel_steel": {
    "criteria": {
      "has_steel_ingot": "2022-10-26 03:36:34 -0700"
    },
    "done": true
  },
  "create:recipes/create.base/crafting/materials/copper_ingot_from_compacting": {
    "criteria": {
      "has_item": "2022-10-26 03:37:32 -0700"
    },
    "done": true
  },
  "ironchest:recipes/ironchest/upgrades/iron_to_gold_chest_upgrade": {
    "criteria": {
      "has_iron_ingot": "2022-10-19 14:41:30 -0700"
    },
    "done": true
  },
  "immersiveengineering:recipes/immersiveengineering/crafting/ingot_electrum_to_nugget_electrum": {
    "criteria": {
      "has_ingot_electrum": "2022-10-26 03:37:41 -0700"
    },
    "done": true
  },
  "create:recipes/create.base/crafting/appliances/crafting_blueprint": {
    "criteria": {
      "has_item": "2022-10-19 06:01:40 -0700"
    },
    "done": true
  },
  "minecraft:recipes/redstone/oak_button": {
    "criteria": {
      "has_planks": "2022-10-19 05:59:21 -0700"
    },
    "done": true
  },
  "minecraft:recipes/tools/golden_pickaxe": {
    "criteria": {
      "has_gold_ingot": "2022-10-19 14:41:30 -0700"
    },
    "done": true
  },
  "immersiveengineering:recipes/immersiveengineering/crafting/storage_lead_to_ingot_lead": {
    "criteria": {
      "has_storage_lead": "2022-10-26 03:36:29 -0700"
    },
    "done": true
  },
  "minecraft:recipes/misc/iron_ingot": {
    "criteria": {
      "has_iron_ore": "2022-10-19 14:36:33 -0700"
    },
    "done": true
  },
  "immersiveengineering:recipes/immersiveengineering/crafting/ingot_aluminum_to_nugget_aluminum": {
    "criteria": {
      "has_ingot_aluminum": "2022-10-26 03:37:35 -0700"
    },
    "done": true
  },
  "immersiveengineering:recipes/immersiveengineering/crafting/plate_gold_hammering": {
    "criteria": {
      "has_gold_ingot": "2022-10-19 14:41:30 -0700"
    },
    "done": true
  },
  "immersiveengineering:recipes/immersiveengineering/crafting/storage_uranium_to_ingot_uranium": {
    "criteria": {
      "has_storage_uranium": "2022-10-26 03:36:32 -0700"
    },
    "done": true
  },
  "immersiveengineering:recipes/immersiveengineering/crafting/gunpart_drum": {
    "criteria": {
      "has_ingot_steel": "2022-10-26 03:36:34 -0700"
    },
    "done": true
  },
  "immersiveposts:recipes/immersiveposts/fence_gold": {
    "criteria": {
      "has_gold_ingot": "2022-10-19 14:41:30 -0700"
    },
    "done": true
  },
  "minecraft:recipes/brewing/magma_cream": {
    "criteria": {
      "has_blaze_powder": "2022-10-20 00:07:52 -0700"
    },
    "done": true
  },
  "create:recipes/create.base/crafting/appliances/diving_helmet": {
    "criteria": {
      "has_item": "2022-10-19 14:41:45 -0700"
    },
    "done": true
  },
  "create:crushing_wheel": {
    "criteria": {
      "0": "2022-10-19 23:44:22 -0700"
    },
    "done": true
  },
  "minecraft:recipes/decorations/stonecutter": {
    "criteria": {
      "has_stone": "2022-10-25 14:25:37 -0700"
    },
    "done": true
  },
  "create:recipes/create.base/crafting/materials/copper_casing": {
    "criteria": {
      "has_item": "2022-10-19 14:41:45 -0700"
    },
    "done": true
  },
  "minecraft:adventure/adventuring_time": {
    "criteria": {
      "minecraft:plains": "2022-10-19 05:55:55 -0700"
    },
    "done": false
  },
  "minecraft:recipes/redstone/iron_door": {
    "criteria": {
      "has_iron_ingot": "2022-10-19 14:41:30 -0700"
    },
    "done": true
  },
  "ironchest:recipes/ironchest/chests/vanilla_iron_chest": {
    "criteria": {
      "has_iron_ingot": "2022-10-19 14:41:30 -0700"
    },
    "done": true
  },
  "immersiveengineering:recipes/immersiveengineering/crafting/capacitor_hv": {
    "criteria": {
      "has_aluminum_ingot": "2022-10-19 14:41:47 -0700"
    },
    "done": true
  },
  "immersiveengineering:recipes/immersiveengineering/crafting/electrum_mix": {
    "criteria": {
      "has_gold_dust": "2022-10-19 13:34:30 -0700"
    },
    "done": true
  },
  "immersiveengineering:recipes/immersiveengineering/crafting/nugget_uranium_to_ingot_uranium": {
    "criteria": {
      "has_nugget_uranium": "2022-10-26 03:37:38 -0700"
    },
    "done": true
  },
  "simplemagnets:recipes/search/basic_magnet": {
    "criteria": {
      "iron": "2022-10-19 14:41:30 -0700"
    },
    "done": true
  },
  "immersiveengineering:recipes/immersiveengineering/crafting/stick_aluminum": {
    "criteria": {
      "has_alu_ingot": "2022-10-19 14:41:47 -0700"
    },
    "done": true
  },
  "storagedrawers:recipes/storagedrawers/oak_trim": {
    "criteria": {
      "has_planks": "2022-10-19 05:59:21 -0700"
    },
    "done": true
  },
  "minecraft:recipes/decorations/barrel": {
    "criteria": {
      "has_planks": "2022-10-19 05:59:21 -0700"
    },
    "done": true
  },
  "immersiveengineering:recipes/immersiveengineering/crafting/ingot_electrum_to_storage_electrum": {
    "criteria": {
      "has_ingot_electrum": "2022-10-26 03:36:33 -0700"
    },
    "done": true
  },
  "simplemagnets:recipes/search/basic_demagnetization_coil": {
    "criteria": {
      "iron": "2022-10-19 14:41:30 -0700"
    },
    "done": true
  },
  "create:recipes/create.base/crafting/appliances/diving_boots": {
    "criteria": {
      "has_item": "2022-10-19 14:41:45 -0700"
    },
    "done": true
  },
  "immersiveengineering:recipes/immersiveengineering/crafting/storage_constantan_to_ingot_constantan": {
    "criteria": {
      "has_storage_constantan": "2022-10-26 03:36:33 -0700"
    },
    "done": true
  },
  "minecraft:recipes/decorations/smithing_table": {
    "criteria": {
      "has_iron_ingot": "2022-10-19 14:41:30 -0700"
    },
    "done": true
  },
  "minecraft:recipes/misc/iron_ingot_from_nuggets": {
    "criteria": {
      "has_iron_nugget": "2022-10-19 16:32:02 -0700"
    },
    "done": true
  },
  "immersivepetroleum:recipes/immersivepetroleum/asphalt3": {
    "criteria": {
      "has_slag": "2022-10-20 02:26:03 -0700"
    },
    "done": true
  },
  "immersivepetroleum:recipes/immersivepetroleum/asphalt2": {
    "criteria": {
      "has_slag": "2022-10-20 02:26:03 -0700"
    },
    "done": true
  },
  "minecraft:recipes/redstone/oak_door": {
    "criteria": {
      "has_planks": "2022-10-19 05:59:21 -0700"
    },
    "done": true
  },
  "minecraft:recipes/redstone/stone_pressure_plate": {
    "criteria": {
      "has_stone": "2022-10-25 14:25:37 -0700"
    },
    "done": true
  },
  "minecraft:recipes/transportation/jungle_boat": {
    "criteria": {
      "in_water": "2022-10-19 05:51:09 -0700"
    },
    "done": true
  },
  "immersiveengineering:recipes/immersiveengineering/crafting/light_engineering": {
    "criteria": {
      "has_copper_ingot": "2022-10-19 14:41:45 -0700"
    },
    "done": true
  },
  "immersiveengineering:recipes/immersiveengineering/crafting/nugget_electrum_to_ingot_electrum": {
    "criteria": {
      "has_nugget_electrum": "2022-10-26 03:37:41 -0700"
    },
    "done": true
  },
  "immersiveengineering:recipes/immersiveengineering/crafting/wirecoil_structure_steel": {
    "criteria": {
      "has_steel_ingot": "2022-10-26 03:36:34 -0700"
    },
    "done": true
  },
  "immersiveengineering:recipes/immersiveengineering/crafting/powerpack": {
    "criteria": {
      "has_copper_ingot": "2022-10-19 14:41:45 -0700"
    },
    "done": true
  },
  "minecraft:recipes/decorations/stone_brick_walls_from_stone_stonecutting": {
    "criteria": {
      "has_stone": "2022-10-25 14:25:37 -0700"
    },
    "done": true
  },
  "ironchest:recipes/ironchest/upgrades/wood_to_iron_chest_upgrade": {
    "criteria": {
      "has_iron_ingot": "2022-10-19 14:41:30 -0700"
    },
    "done": true
  },
  "immersiveposts:recipes/immersiveposts/fence_electrum": {
    "criteria": {
      "has_electrum_ingot": "2022-10-26 03:36:33 -0700"
    },
    "done": true
  },
  "minecraft:recipes/redstone/heavy_weighted_pressure_plate": {
    "criteria": {
      "has_iron_ingot": "2022-10-19 14:41:30 -0700"
    },
    "done": true
  },
  "minecraft:recipes/building_blocks/diamond_block": {
    "criteria": {
      "has_diamond": "2022-10-20 00:10:31 -0700"
    },
    "done": true
  },
  "immersivepetroleum:recipes/immersivepetroleum/upgrade_icebreaker": {
    "criteria": {
      "has_steel_ingot": "2022-10-26 03:36:34 -0700"
    },
    "done": true
  },
  "minecraft:recipes/transportation/dark_oak_boat": {
    "criteria": {
      "in_water": "2022-10-19 05:51:09 -0700"
    },
    "done": true
  },
  "ironchest:recipes/ironchest/chests/iron_silver_chest": {
    "criteria": {
      "has_item": "2022-10-19 14:41:50 -0700"
    },
    "done": true
  },
  "ironchest:recipes/ironchest/chests/silver_diamond_chest": {
    "criteria": {
      "has_item": "2022-10-20 00:10:31 -0700"
    },
    "done": true
  },
  "minecraft:recipes/combat/netherite_sword_smithing": {
    "criteria": {
      "has_netherite_ingot": "2022-10-26 02:07:01 -0700"
    },
    "done": true
  },
  "create:recipes/create.base/blasting/zinc_ingot_from_ore": {
    "criteria": {
      "has_item": "2022-10-19 14:39:24 -0700"
    },
    "done": true
  },
  "immersiveengineering:recipes/immersiveengineering/crafting/wirecoil_redstone": {
    "criteria": {
      "has_aluminum_ingot": "2022-10-19 14:41:47 -0700"
    },
    "done": true
  },
  "create:recipes/create.base/crafting/kinetics/smart_fluid_pipe": {
    "criteria": {
      "has_item": "2022-10-19 14:41:45 -0700"
    },
    "done": true
  },
  "immersiveengineering:recipes/immersiveengineering/crafting/drillhead_iron": {
    "criteria": {
      "has_iron_ingot": "2022-10-19 14:41:30 -0700"
    },
    "done": true
  },
  "minecraft:recipes/combat/golden_leggings": {
    "criteria": {
      "has_gold_ingot": "2022-10-19 14:41:30 -0700"
    },
    "done": true
  },
  "immersiveengineering:recipes/immersiveengineering/crafting/empty_casing": {
    "criteria": {
      "has_coppper_ingot": "2022-10-19 14:41:45 -0700"
    },
    "done": true
  },
  "minecraft:recipes/combat/netherite_helmet_smithing": {
    "criteria": {
      "has_netherite_ingot": "2022-10-26 02:07:01 -0700"
    },
    "done": true
  },
  "minecraft:recipes/decorations/lantern": {
    "criteria": {
      "has_iron_ingot": "2022-10-19 14:41:30 -0700"
    },
    "done": true
  },
  "immersiveengineering:recipes/immersiveengineering/crafting/ingot_silver_to_storage_silver": {
    "criteria": {
      "has_ingot_silver": "2022-10-26 03:36:30 -0700"
    },
    "done": true
  },
  "immersiveengineering:recipes/immersiveengineering/crafting/plate_uranium_hammering": {
    "criteria": {
      "has_uranium_ingot": "2022-10-19 14:41:52 -0700"
    },
    "done": true
  },
  "immersiveengineering:recipes/immersiveengineering/crafting/nugget_copper_to_ingot_copper": {
    "criteria": {
      "has_nugget_copper": "2022-10-26 03:37:34 -0700"
    },
    "done": true
  },
  "minecraft:recipes/building_blocks/stone_stairs": {
    "criteria": {
      "has_stone": "2022-10-25 14:25:37 -0700"
    },
    "done": true
  },
  "immersiveengineering:recipes/immersiveengineering/crafting/component_steel": {
    "criteria": {
      "has_steel_ingot": "2022-10-26 03:36:34 -0700"
    },
    "done": true
  },
  "immersiveengineering:recipes/immersiveengineering/crafting/storage_silver_to_ingot_silver": {
    "criteria": {
      "has_storage_silver": "2022-10-26 03:36:30 -0700"
    },
    "done": true
  },
  "create:recipes/create.base/smelting/copper_ingot_from_ore": {
    "criteria": {
      "has_item": "2022-10-19 14:38:15 -0700"
    },
    "done": true
  },
  "create:recipes/create.base/crafting/materials/copper_nugget_from_decompacting": {
    "criteria": {
      "has_item": "2022-10-26 03:36:18 -0700"
    },
    "done": true
  },
  "immersiveengineering:recipes/immersiveengineering/crafting/connector_lv_relay": {
    "criteria": {
      "has_copper_ingot": "2022-10-19 14:41:45 -0700"
    },
    "done": true
  },
  "immersiveengineering:recipes/immersiveengineering/crafting/ingot_steel_to_nugget_steel": {
    "criteria": {
      "has_ingot_steel": "2022-10-26 03:37:42 -0700"
    },
    "done": true
  },
  "immersiveengineering:recipes/immersiveengineering/crafting/steel_scaffolding_standard": {
    "criteria": {
      "has_steel_ingot": "2022-10-26 03:36:34 -0700"
    },
    "done": true
  },
  "immersiveengineering:recipes/immersiveengineering/crafting/nugget_lead_to_ingot_lead": {
    "criteria": {
      "has_nugget_lead": "2022-10-26 03:37:36 -0700"
    },
    "done": true
  },
  "immersiveengineering:recipes/immersiveengineering/crafting/wire_aluminum": {
    "criteria": {
      "has_aluminum_ingot": "2022-10-19 14:41:47 -0700"
    },
    "done": true
  },
  "minecraft:recipes/combat/diamond_boots": {
    "criteria": {
      "has_diamond": "2022-10-20 00:10:31 -0700"
    },
    "done": true
  },
  "immersivepetroleum:recipes/immersivepetroleum/asphalt_slab": {
    "criteria": {
      "has_slag": "2022-10-20 02:26:03 -0700"
    },
    "done": true
  },
  "immersiveengineering:recipes/immersiveengineering/crafting/storage_copper_to_slab": {
    "criteria": {
      "has_storage_copper": "2022-10-26 03:27:08 -0700"
    },
    "done": true
  },
  "ironchest:recipes/ironchest/upgrades/wood_to_copper_chest_upgrade": {
    "criteria": {
      "has_item": "2022-10-19 05:59:21 -0700"
    },
    "done": true
  },
  "immersiveposts:recipes/immersiveposts/has_gold_rod": {
    "criteria": {
      "has_gold_ingot": "2022-10-19 14:41:30 -0700"
    },
    "done": true
  },
  "create:recipes/create.base/crafting/kinetics/fluid_pipe": {
    "criteria": {
      "has_item": "2022-10-19 14:41:45 -0700"
    },
    "done": true
  },
  "minecraft:story/smelt_iron": {
    "criteria": {
      "iron": "2022-10-19 14:41:30 -0700"
    },
    "done": true
  },
  "immersivepetroleum:recipes/immersivepetroleum/upgrade_reinforced_hull": {
    "criteria": {
      "has_steel_ingot": "2022-10-26 03:36:34 -0700"
    },
    "done": true
  },
  "minecraft:recipes/misc/fire_charge": {
    "criteria": {
      "has_blaze_powder": "2022-10-20 00:07:52 -0700"
    },
    "done": true
  },
  "create:recipes/create.base/crafting/kinetics/hose_pulley": {
    "criteria": {
      "has_item": "2022-10-19 14:41:45 -0700"
    },
    "done": true
  },
  "create:recipes/create.base/crafting/materials/zinc_ingot_from_compacting": {
    "criteria": {
      "has_item": "2022-10-26 03:37:33 -0700"
    },
    "done": true
  },
  "movingelevators:recipes/movingelevators/elevator_block": {
    "criteria": {
      "has_iron": "2022-10-19 14:41:30 -0700"
    },
    "done": true
  },
  "DataVersion": 2586
}