{"stats":{"minecraft:mined":{"emendatusenigmatica:iron_ore":1,"minecraft:iron_ore":1},"minecraft:picked_up":{"emendatusenigmatica:zinc_dirty_dust":1,"emendatusenigmatica:zinc_chunk":1,"minecraft:crafting_table":7,"emendatusenigmatica:iron_chunk":2,"emendatusenigmatica:gold_chunk":1,"contenttweaker:gold_crystal":1,"emendatusenigmatica:zinc_fragment":1,"emendatusenigmatica:silver_dirty_dust":1,"contenttweaker:iron_crystal":1,"emendatusenigmatica:lead_fragment":1,"contenttweaker:iron_shard":1,"emendatusenigmatica:nickel_fragment":1,"contenttweaker:gold_shard":1,"contenttweaker:iron_fragment":1,"emendatusenigmatica:tin_ingot":1,"emendatusenigmatica:silver_crystal":1,"emendatusenigmatica:aluminum_crystal":1,"emendatusenigmatica:nickel_ingot":1,"minecraft:iron_ingot":65,"emendatusenigmatica:aluminum_shard":1,"minecraft:iron_ore":1,"emendatusenigmatica:copper_fragment":1,"emendatusenigmatica:silver_shard":1,"contenttweaker:iron_dirty_dust":1,"contenttweaker:tin_crystal":1,"emendatusenigmatica:aluminum_fragment":1,"emendatusenigmatica:tin_chunk":1,"minecraft:oak_planks":100,"contenttweaker:lead_dirty_dust":1,"emendatusenigmatica:aluminum_chunk":1,"emendatusenigmatica:lead_chunk":1,"contenttweaker:tin_shard":1,"emendatusenigmatica:tin_fragment":1,"emendatusenigmatica:aluminum_dirty_dust":1,"emendatusenigmatica:silver_fragment":1,"emendatusenigmatica:silver_ingot":1,"contenttweaker:copper_shard":1,"emendatusenigmatica:copper_ingot":1,"emendatusenigmatica:silver_chunk":1,"emendatusenigmatica:aluminum_ingot":1,"contenttweaker:gold_dirty_dust":1,"emendatusenigmatica:nickel_chunk":1,"contenttweaker:tin_dirty_dust":1,"thermal:chiller_ingot_cast":1,"emendatusenigmatica:lead_ingot":1,"emendatusenigmatica:zinc_ingot":1,"emendatusenigmatica:copper_chunk":1,"contenttweaker:lead_shard":1,"emendatusenigmatica:nickel_shard":1,"emendatusenigmatica:zinc_shard":1,"emendatusenigmatica:nickel_crystal":1,"emendatusenigmatica:nickel_dirty_dust":1,"minecraft:gold_ingot":1,"contenttweaker:gold_fragment":1,"contenttweaker:copper_dirty_dust":1,"contenttweaker:lead_crystal":1,"contenttweaker:copper_crystal":1,"emendatusenigmatica:zinc_crystal":1},"minecraft:crafted":{"minecraft:crafting_table":1},"minecraft:used":{"integratedtunnels:part_interface_item":1,"thermal:machine_crucible":1,"minecraft:iron_ore":2,"prettypipes:pressurizer":1,"immersiveengineering:capacitor_creative":4,"minecraft:gold_ore":1,"prettypipes:wrench":6,"ironchest:diamond_chest":7,"integratedterminals:terminal_storage_portable":1,"thermal:machine_chiller":1,"prettypipes:pipe":3,"thermal:machine_furnace":1,"ironchest:iron_chest":1,"emendatusenigmatica:gold_ore":1,"prettypipes:crafting_terminal":1,"prettypipes:item_terminal":1,"minecraft:diamond_pickaxe":2,"integrateddynamics:part_connector_omni_directional":1,"thermal:machine_smelter":1,"integrateddynamics:cable":2,"minecraft:potion":1,"emendatusenigmatica:iron_ore":3,"ironchest:gold_chest":1,"integratedterminals:part_terminal_storage":1},"minecraft:custom":{"minecraft:play_one_minute":2037827,"minecraft:leave_game":26,"minecraft:time_since_death":2037827,"minecraft:time_since_rest":2037827,"minecraft:walk_one_cm":2963,"minecraft:fly_one_cm":2646,"minecraft:open_chest":173,"minecraft:crouch_one_cm":514,"minecraft:sneak_time":226,"minecraft:walk_under_water_one_cm":1736,"minecraft:jump":4,"minecraft:walk_on_water_one_cm":305}},"DataVersion":2586}