{"stats":{"minecraft:custom":{"minecraft:open_chest":107,"minecraft:time_since_rest":1172832,"minecraft:play_one_minute":1172832,"minecraft:crouch_one_cm":406,"minecraft:walk_one_cm":1537,"minecraft:sneak_time":161,"minecraft:walk_under_water_one_cm":1244,"minecraft:jump":2,"minecraft:leave_game":14,"minecraft:walk_on_water_one_cm":281,"minecraft:time_since_death":1172832,"minecraft:fly_one_cm":2646},"minecraft:used":{"minecraft:gold_ore":1,"integratedtunnels:part_interface_item":1,"integrateddynamics:cable":2,"prettypipes:wrench":6,"minecraft:diamond_pickaxe":2,"minecraft:potion":1,"minecraft:iron_ore":2,"ironchest:diamond_chest":5,"integratedterminals:terminal_storage_portable":1,"thermal:machine_furnace":1,"immersiveengineering:capacitor_creative":2,"emendatusenigmatica:iron_ore":3,"ironchest:gold_chest":1,"prettypipes:pressurizer":1,"prettypipes:pipe":3,"integrateddynamics:part_connector_omni_directional":1,"integratedterminals:part_terminal_storage":1,"ironchest:iron_chest":1,"thermal:machine_smelter":1,"emendatusenigmatica:gold_ore":1,"prettypipes:crafting_terminal":1,"prettypipes:item_terminal":1},"minecraft:picked_up":{"minecraft:crafting_table":7,"emendatusenigmatica:iron_chunk":1,"minecraft:iron_ore":1,"minecraft:oak_planks":100},"minecraft:crafted":{"minecraft:crafting_table":1},"minecraft:mined":{"emendatusenigmatica:iron_ore":1,"minecraft:iron_ore":1}},"DataVersion":2586}