{"stats":{"minecraft:mined":{"create:fluid_tank":4,"minecraft:crafting_table":3,"create:mechanical_pump":2,"minecraft:grass_block":8,"minecraft:chest":1,"minecraft:oak_planks":1,"minecraft:hopper":1,"create:basin":2,"minecraft:spruce_sapling":5,"minecraft:furnace":1,"immersiveengineering:cokebrick":1,"minecraft:spruce_log":224,"immersiveengineering:circuit_table":1,"create:windmill_bearing":1,"create:spout":1,"minecraft:oak_log":14,"ironchest:iron_chest":1,"minecraft:dirt":5,"minecraft:stone":5,"minecraft:oak_leaves":57,"minecraft:spruce_slab":3},"minecraft:crafted":{"emendatusenigmatica:copper_ingot":220,"emendatusenigmatica:iron_gear":3,"emendatusenigmatica:copper_plate":13,"create:depot":2,"tinycoal:tinycoal":64,"minecraft:iron_nugget":36,"minecraft:spruce_planks":284,"contenttweaker:glass_vile":9,"minecraft:dried_kelp":64,"minecraft:spruce_button":4,"immersiveengineering:coke":6,"create:fluid_pipe":8,"minecraft:gravel":7,"minecraft:sand":4,"minecraft:furnace":1,"create:andesite_casing":12,"craftingstation:crafting_station":1,"immersiveengineering:cokebrick":54,"minecraft:stone":27,"minecraft:bucket":1,"create:item_drain":1,"create:encased_chain_drive":6,"create:mechanical_mixer":1,"minecraft:diorite":10,"minecraft:air":1669,"minecraft:iron_bars":16,"create:stressometer":1,"create:speedometer":1,"minecraft:glass":69,"minecraft:hopper":2,"create:whisk":1,"immersiveengineering:blastbrick":27,"minecraft:spruce_slab":384,"create:mechanical_pump":2,"minecraft:iron_ingot":270,"minecraft:compass":1,"create:fluid_tank":4,"minecraft:iron_block":14,"minecraft:chest":9,"contenttweaker:iron_drill":1,"create:spout":1,"emendatusenigmatica:iron_plate":9,"mekanism:basic_fluid_tank":1,"minecraft:andesite":4,"create:basin":1,"contenttweaker:priming_dust":8,"emendatusenigmatica:copper_nugget":18,"create:copper_casing":3,"minecraft:smoker":1,"ironchest:iron_chest":1},"minecraft:used":{"minecraft:water_bucket":1,"minecraft:spruce_slab":223,"minecraft:oak_planks":1,"minecraft:chest":5,"minecraft:spruce_planks":3,"minecraft:stone":57,"minecraft:diamond_axe":306,"minecraft:oak_leaves":1,"create:item_drain":1,"create:spout":5,"create:fluid_tank":11,"minecraft:dirt":9,"create:mechanical_pump":7,"create:mechanical_mixer":1,"minecraft:hopper":3,"minecraft:crafting_table":3,"create:white_sail":197,"create:cogwheel":67,"ironchest:iron_chest":2,"create:depot":3,"immersiveengineering:cokebrick":28,"minecraft:spruce_log":19,"create:speedometer":2,"minecraft:smoker":1,"immersiveengineering:circuit_table":1,"minecraft:oak_log":2,"immersiveengineering:hammer":2,"minecraft:diamond_pickaxe":18,"minecraft:diamond_shovel":8,"craftingstation:crafting_station":1,"create:windmill_bearing":5,"create:wrench":95,"createautomated:ore_extractor":3,"create:millstone":6,"minecraft:spruce_sapling":20,"create:andesite_funnel":2,"create:encased_chain_drive":11,"contenttweaker:liquid_red_bucket":5,"create:basin":3,"minecraft:cobblestone":1,"minecraft:oak_sapling":2,"minecraft:furnace":4,"create:stressometer":2,"minecraft:bucket":12,"immersiveengineering:blastbrick":27,"minecraft:kelp":54,"create:large_cogwheel":41},"minecraft:custom":{"minecraft:interact_with_furnace":59,"minecraft:inspect_hopper":2,"minecraft:interact_with_crafting_table":42,"minecraft:play_one_minute":374803,"minecraft:leave_game":3,"minecraft:time_since_death":374803,"minecraft:time_since_rest":374803,"minecraft:sprint_one_cm":495,"minecraft:damage_taken":120,"minecraft:walk_one_cm":184328,"minecraft:drop":21,"minecraft:swim_one_cm":13003,"minecraft:fly_one_cm":262,"minecraft:open_chest":121,"minecraft:crouch_one_cm":25378,"minecraft:sneak_time":9915,"minecraft:walk_under_water_one_cm":24010,"minecraft:jump":229,"minecraft:walk_on_water_one_cm":8293,"minecraft:interact_with_smoker":3,"minecraft:fall_one_cm":4988},"minecraft:picked_up":{"minecraft:crafting_table":3,"emendatusenigmatica:iron_chunk":54,"create:fluid_tank":4,"create:spout":1,"integrateddynamics:on_the_dynamics_of_integration":1,"minecraft:oak_log":14,"minecraft:dirt":13,"create:encased_chain_drive":2,"immersiveengineering:cokebrick":1,"minecraft:apple":1,"minecraft:kelp":64,"minecraft:spruce_planks":14,"create:basin":2,"minecraft:spruce_slab":3,"minecraft:chest":1,"minecraft:oak_planks":5,"minecraft:furnace":1,"minecraft:stick":31,"minecraft:quartz":49,"ironchest:iron_chest":1,"contenttweaker:common_geode":51,"create:windmill_bearing":1,"immersiveengineering:circuit_table":1,"minecraft:spruce_sapling":51,"minecraft:spruce_log":224,"minecraft:redstone":44,"tinycoal:tinycoal":64,"create:large_cogwheel":2,"emendatusenigmatica:copper_chunk":102,"minecraft:diamond":42,"create:mechanical_pump":2,"minecraft:oak_sapling":8,"minecraft:coal":56,"minecraft:hopper":1,"minecraft:cobblestone":124},"minecraft:dropped":{"contenttweaker:common_geode":23,"emendatusenigmatica:copper_plate":6,"minecraft:oak_planks":4,"emendatusenigmatica:iron_gear":6,"contenttweaker:red_primer":6,"minecraft:spruce_planks":14}},"DataVersion":2586}