{"stats":{"minecraft:custom":{"minecraft:interact_with_furnace":19,"minecraft:interact_with_crafting_table":7,"minecraft:play_one_minute":3391552,"minecraft:leave_game":33,"minecraft:time_since_death":3391552,"minecraft:time_since_rest":3391552,"minecraft:walk_one_cm":14861,"minecraft:drop":15,"minecraft:swim_one_cm":20906,"minecraft:fly_one_cm":11979,"minecraft:open_chest":192,"minecraft:crouch_one_cm":2465,"minecraft:sneak_time":3395,"minecraft:walk_under_water_one_cm":8806,"minecraft:jump":31,"minecraft:walk_on_water_one_cm":2625},"minecraft:crafted":{"emendatusenigmatica:copper_plate":3,"minecraft:crafting_table":1},"minecraft:picked_up":{"emendatusenigmatica:zinc_chunk":2,"emendatusenigmatica:zinc_dirty_dust":2,"minecraft:crafting_table":7,"emendatusenigmatica:iron_chunk":57,"immersiveengineering:connector_lv":2,"emendatusenigmatica:gold_chunk":2,"prettypipes:low_extraction_module":1,"contenttweaker:gold_crystal":2,"contenttweaker:osmium_dirty_dust":1,"contenttweaker:uranium_shard":1,"emendatusenigmatica:zinc_fragment":2,"emendatusenigmatica:silver_dirty_dust":2,"minecraft:oak_log":61,"contenttweaker:iron_crystal":2,"emendatusenigmatica:osmium_ingot":1,"immersiveengineering:connector_lv_relay":1,"emendatusenigmatica:osmium_fragment":1,"emendatusenigmatica:lead_fragment":2,"contenttweaker:iron_shard":2,"emendatusenigmatica:osmium_chunk":1,"emendatusenigmatica:nickel_fragment":2,"contenttweaker:osmium_crystal":1,"contenttweaker:gold_shard":2,"contenttweaker:iron_fragment":2,"contenttweaker:osmium_shard":1,"emendatusenigmatica:tin_ingot":2,"emendatusenigmatica:silver_crystal":2,"emendatusenigmatica:aluminum_crystal":2,"emendatusenigmatica:nickel_ingot":2,"minecraft:iron_ingot":76,"emendatusenigmatica:aluminum_shard":2,"minecraft:iron_ore":1,"emendatusenigmatica:copper_fragment":2,"contenttweaker:uranium_crystal":1,"emendatusenigmatica:silver_shard":2,"emendatusenigmatica:tin_chunk":2,"emendatusenigmatica:aluminum_fragment":2,"minecraft:oak_planks":112,"contenttweaker:iron_dirty_dust":2,"contenttweaker:tin_crystal":2,"contenttweaker:lead_dirty_dust":2,"emendatusenigmatica:aluminum_chunk":2,"emendatusenigmatica:lead_chunk":2,"emendatusenigmatica:uranium_ingot":1,"minecraft:stone":51,"contenttweaker:tin_shard":2,"emendatusenigmatica:tin_fragment":2,"emendatusenigmatica:aluminum_dirty_dust":2,"immersiveengineering:mold_gear":1,"contenttweaker:uranium_dirty_dust":1,"emendatusenigmatica:silver_fragment":2,"emendatusenigmatica:silver_ingot":2,"contenttweaker:copper_shard":2,"emendatusenigmatica:copper_ingot":8,"emendatusenigmatica:silver_chunk":2,"emendatusenigmatica:aluminum_ingot":2,"contenttweaker:gold_dirty_dust":2,"emendatusenigmatica:nickel_chunk":2,"create:zinc_ingot":1,"integrateddynamics:variable":2,"emendatusenigmatica:copper_gear":1,"contenttweaker:tin_dirty_dust":2,"thermal:chiller_ingot_cast":1,"emendatusenigmatica:uranium_chunk":1,"emendatusenigmatica:lead_ingot":2,"emendatusenigmatica:zinc_ingot":3,"emendatusenigmatica:copper_chunk":2,"contenttweaker:lead_shard":2,"emendatusenigmatica:nickel_shard":2,"create:brass_ingot":1,"immersiveengineering:treated_post":2,"emendatusenigmatica:zinc_shard":2,"mekanism:ultimate_logistical_transporter":7,"immersiveengineering:wirecoil_copper":6,"prettypipes:low_crafting_module":1,"emendatusenigmatica:brass_ingot":2,"emendatusenigmatica:nickel_crystal":2,"emendatusenigmatica:uranium_fragment":1,"emendatusenigmatica:nickel_dirty_dust":2,"minecraft:gold_ingot":2,"contenttweaker:gold_fragment":2,"contenttweaker:lead_crystal":2,"contenttweaker:copper_crystal":2,"contenttweaker:copper_dirty_dust":2,"minecraft:cobblestone":5,"emendatusenigmatica:zinc_crystal":2},"minecraft:used":{"immersiveengineering:conveyor_basic":2,"integratedtunnels:part_interface_item":2,"thermal:machine_press":2,"thermal:machine_crucible":1,"minecraft:iron_ore":2,"steampowered:alternator":2,"mekanism:configurator":17,"sfm:crafter":1,"immersiveengineering:capacitor_lv":6,"prettypipes:pressurizer":1,"immersiveengineering:capacitor_creative":9,"minecraft:chest":6,"storagenetwork:crafting_remote":1,"minecraft:gold_ore":1,"prettypipes:wrench":6,"ironchest:diamond_chest":7,"solarflux:sp_5":1,"integratedterminals:terminal_storage_portable":2,"storagenetwork:inventory_remote":1,"minecraft:crafting_table":5,"prettypipes:pipe":9,"ironchest:iron_chest":1,"thermal:machine_furnace":1,"thermal:machine_chiller":1,"immersiveengineering:connector_lv":11,"mekanism:basic_universal_cable":1,"emendatusenigmatica:gold_ore":1,"integratedcrafting:part_interface_crafting":1,"prettypipes:crafting_terminal":3,"mekanism:creative_energy_cube":1,"prettypipes:item_terminal":3,"mekanism:basic_energy_cube":5,"immersiveengineering:rs_engineering":1,"solarflux:sp_2":1,"minecraft:piston":1,"immersiveengineering:hammer":9,"minecraft:diamond_pickaxe":2,"immersiveengineering:heavy_engineering":3,"solarflux:sp_1":1,"immersiveengineering:connector_lv_relay":1,"integrateddynamics:part_connector_omni_directional":3,"storagenetwork:master":1,"thermal:machine_smelter":1,"create:creative_motor":2,"integrateddynamics:cable":3,"cobblefordays:tier_1":2,"mekanism:ultimate_logistical_transporter":11,"thermal:machine_crafter":1,"minecraft:potion":1,"create:shaft":3,"emendatusenigmatica:iron_ore":3,"minecraft:furnace":1,"ironchest:gold_chest":1,"integratedterminals:part_terminal_storage":1,"immersiveengineering:wirecoil_copper":16,"immersiveengineering:steel_scaffolding_standard":2,"solarflux:sp_8":2,"minecraft:stripped_oak_log":1,"immersiveengineering:treated_post":24},"minecraft:mined":{"emendatusenigmatica:iron_ore":1,"minecraft:iron_ore":1},"minecraft:dropped":{"emendatusenigmatica:zinc_ingot":1,"emendatusenigmatica:copper_ingot":10,"create:zinc_ingot":1,"create:brass_ingot":1,"emendatusenigmatica:brass_ingot":2}},"DataVersion":2586}