{"stats":{"minecraft:crafted":{"emendatusenigmatica:copper_plate":3,"minecraft:crafting_table":1},"minecraft:dropped":{"create:mechanical_mixer":1,"minecraft:diamond":21,"emendatusenigmatica:zinc_ingot":1,"minecraft:apple":19,"emendatusenigmatica:copper_ingot":10,"immersiveengineering:conveyor_basic":11,"emendatusenigmatica:steel_gear":14,"contenttweaker:red_primer":4,"emendatusenigmatica:brass_ingot":2,"contenttweaker:common_geode":64,"emendatusenigmatica:copper_plate":24,"minecraft:comparator":1,"immersiveengineering:hammer":1,"emendatusenigmatica:iron_gear":85,"create:dough":1,"immersiveengineering:light_engineering":15,"create:zinc_ingot":1,"create:brass_ingot":1,"create:wheat_flour":2,"contenttweaker:green_primer":13,"minecraft:arrow":9,"minecraft:terracotta":1},"minecraft:used":{"immersiveengineering:conveyor_basic":2,"mekanism:advanced_tier_installer":2,"immersiveengineering:fluid_pump":2,"create:deployer":3,"thermal:machine_crucible":1,"mekanism:configurator":17,"minecraft:redstone":5,"prettypipes:pressurizer":1,"mekanism:basic_fluid_tank":5,"minecraft:chest":7,"minecraft:stone":223,"mekanism:basic_logistical_transporter":18,"minecraft:structure_block":19,"createaddition:copper_spool":4,"prettypipes:wrench":6,"mekanism:dynamic_valve":1,"steampowered:steel_burner":1,"create:fluid_tank":62,"minecraft:dirt":28,"create:mechanical_pump":20,"ironchest:diamond_chest":11,"storagenetwork:inventory_remote":1,"create:mechanical_mixer":2,"projectred-transmission:red_alloy_wire":26,"minecraft:hopper":11,"create:white_sail":155,"create:cogwheel":52,"ironchest:iron_chest":1,"immersiveengineering:connector_lv":11,"create:depot":5,"mekanism:basic_universal_cable":13,"integratedcrafting:part_interface_crafting":1,"create:speedometer":9,"mekanism:ultimate_fluid_tank":3,"immersivepetroleum:asphalt":3,"prettypipes:crafting_terminal":3,"createaddition:furnace_burner":1,"mekanism:basic_energy_cube":11,"minecraft:glass":8,"immersiveengineering:rs_engineering":1,"solarflux:sp_2":1,"steampowered:bronze_steam_engine":3,"immersiveengineering:connector_lv_relay":1,"solarflux:sp_1":1,"create:wrench":14,"minecraft:grass_block":11,"steampowered:bronze_boiler":2,"mekanism:radioactive_waste_barrel":1,"integrateddynamics:part_connector_omni_directional":3,"mekanismgenerators:wind_generator":7,"create:furnace_engine":1,"storagenetwork:master":1,"create:millstone":5,"create:creative_motor":19,"create:andesite_funnel":4,"minecraft:item_frame":6,"integrateddynamics:cable":3,"minecraft:bedrock":1,"immersiveengineering:concrete":12,"carryon:tile_item":1,"cobblefordays:tier_1":2,"immersiveengineering:capacitor_hv":1,"create:rotation_speed_controller":2,"create:stockpile_switch":3,"create:shaft":13,"minecraft:oak_sapling":1,"emendatusenigmatica:iron_ore":3,"minecraft:furnace":1,"ironchest:gold_chest":2,"mekanismgenerators:gas_burning_generator":1,"create:fluid_pipe":4,"steampowered:steel_steam_engine":1,"create:content_observer":3,"create:belt_connector":6,"create:fluid_valve":5,"create:smart_fluid_pipe":4,"create:gearshift":1,"integratedtunnels:part_interface_item":2,"mekanism:dynamic_tank":22,"minecraft:water_bucket":6,"thermal:machine_press":2,"minecraft:iron_ore":2,"mekanism:electric_pump":2,"steampowered:alternator":3,"createaddition:connector":5,"minecraft:stone_pickaxe":1,"mekanismgenerators:bio_generator":7,"sfm:crafter":1,"immersiveengineering:capacitor_lv":8,"immersiveengineering:capacitor_creative":9,"createaddition:accumulator":2,"steampowered:bronze_flywheel":3,"storagenetwork:crafting_remote":1,"minecraft:gold_ore":1,"create:copper_valve_handle":1,"create:spout":3,"create:item_drain":1,"integratedterminals:terminal_storage_portable":2,"minecraft:terracotta":1,"solarflux:sp_5":1,"minecraft:comparator":12,"create:flywheel":4,"create:brass_funnel":1,"minecraft:crafting_table":5,"projectred-integration:invert_cell_gate":8,"mekanism:creative_fluid_tank":9,"prettypipes:pipe":9,"thermal:machine_furnace":1,"thermal:machine_chiller":1,"mekanism:basic_induction_cell":1,"emendatusenigmatica:gold_ore":1,"mekanism:creative_energy_cube":6,"prettypipes:item_terminal":3,"minecraft:redstone_torch":10,"minecraft:piston":1,"createaddition:alternator":4,"minecraft:lever":5,"immersiveengineering:hammer":16,"minecraft:diamond_pickaxe":2,"immersiveengineering:voltmeter":4,"immersiveengineering:heavy_engineering":3,"create:windmill_bearing":2,"immersiveengineering:light_engineering":1,"mekanism:structural_glass":4,"createaddition:gold_spool":6,"createautomated:ore_extractor":14,"thermal:machine_smelter":1,"steampowered:steel_flywheel":1,"steampowered:steel_boiler":1,"steampowered:bronze_burner":3,"mekanismgenerators:advanced_solar_generator":3,"thermal:machine_crafter":3,"mekanism:ultimate_logistical_transporter":11,"create:basin":29,"minecraft:cobblestone":9,"minecraft:potion":1,"mekanismgenerators:solar_generator":3,"create:stressometer":2,"integratedterminals:part_terminal_storage":1,"create:hand_crank":9,"immersiveengineering:steel_scaffolding_standard":2,"create:clutch":4,"immersiveengineering:wirecoil_copper":16,"solarflux:sp_8":2,"minecraft:stripped_oak_log":1,"minecraft:white_concrete":9,"create:vertical_gearbox":2,"minecraft:kelp":64,"minecraft:bone_meal":3,"immersiveengineering:treated_post":24,"create:large_cogwheel":6},"minecraft:mined":{"createautomated:ore_extractor":1,"minecraft:iron_ore":1,"emendatusenigmatica:iron_ore":1},"minecraft:picked_up":{"emendatusenigmatica:zinc_dirty_dust":2,"minecraft:crafting_table":7,"emendatusenigmatica:iron_chunk":59,"emendatusenigmatica:enderium_ingot":1,"immersiveengineering:coal_coke":1,"emendatusenigmatica:gold_chunk":4,"emendatusenigmatica:zinc_fragment":2,"emendatusenigmatica:iron_gear":2,"emendatusenigmatica:constantan_ingot":3,"emendatusenigmatica:osmium_chunk":3,"emendatusenigmatica:silver_crystal":2,"minecraft:comparator":3,"emendatusenigmatica:aluminum_shard":2,"projectred-transmission:red_alloy_wire":2,"emendatusenigmatica:silver_shard":2,"emendatusenigmatica:aluminum_fragment":2,"emendatusenigmatica:tin_chunk":4,"minecraft:stone":69,"emendatusenigmatica:uranium_ingot":1,"emendatusenigmatica:tin_fragment":2,"emendatusenigmatica:aluminum_dirty_dust":2,"immersiveengineering:mold_gear":1,"create:hand_crank":1,"minecraft:redstone":4,"emendatusenigmatica:nickel_chunk":4,"create:zinc_ingot":1,"integrateddynamics:variable":2,"emendatusenigmatica:uranium_chunk":3,"emendatusenigmatica:electrum_ingot":3,"immersiveengineering:treated_post":2,"emendatusenigmatica:zinc_shard":2,"mekanism:ultimate_logistical_transporter":7,"prettypipes:low_crafting_module":1,"emendatusenigmatica:brass_ingot":5,"create:andesite_encased_shaft":345,"minecraft:gold_ingot":3,"emendatusenigmatica:invar_ingot":4,"minecraft:cobblestone":5,"emendatusenigmatica:zinc_chunk":4,"immersiveengineering:connector_lv":2,"prettypipes:low_extraction_module":1,"emendatusenigmatica:steel_gear":2,"emendatusenigmatica:silver_dirty_dust":2,"emendatusenigmatica:steel_ingot":2,"minecraft:oak_log":61,"emendatusenigmatica:osmium_ingot":1,"emendatusenigmatica:osmium_fragment":1,"immersiveengineering:connector_lv_relay":1,"emendatusenigmatica:lead_fragment":2,"emendatusenigmatica:signalum_ingot":2,"emendatusenigmatica:nickel_fragment":2,"emendatusenigmatica:tin_ingot":6,"minecraft:apple":27,"emendatusenigmatica:aluminum_crystal":2,"emendatusenigmatica:nickel_ingot":4,"minecraft:iron_ingot":80,"minecraft:iron_ore":1,"emendatusenigmatica:copper_fragment":2,"minecraft:glowstone_dust":1,"emendatusenigmatica:cast_iron_ingot":2,"minecraft:oak_planks":112,"emendatusenigmatica:aluminum_chunk":4,"emendatusenigmatica:lead_chunk":4,"emendatusenigmatica:lumium_ingot":2,"minecraft:quartz":2,"emendatusenigmatica:copper_plate":2,"createautomated:ore_extractor":1,"emendatusenigmatica:silver_fragment":2,"emendatusenigmatica:silver_ingot":5,"contenttweaker:common_geode":108,"emendatusenigmatica:copper_ingot":18,"emendatusenigmatica:silver_chunk":4,"emendatusenigmatica:aluminum_ingot":2,"emendatusenigmatica:bronze_ingot":5,"emendatusenigmatica:copper_gear":1,"thermal:chiller_ingot_cast":1,"create:wheat_flour":1,"emendatusenigmatica:lead_ingot":5,"emendatusenigmatica:zinc_ingot":4,"emendatusenigmatica:copper_chunk":4,"emendatusenigmatica:nickel_shard":2,"create:brass_ingot":1,"minecraft:diamond":745,"immersiveengineering:wirecoil_copper":6,"minecraft:lever":1,"emendatusenigmatica:nickel_crystal":2,"emendatusenigmatica:uranium_fragment":1,"emendatusenigmatica:nickel_dirty_dust":2,"create:precision_mechanism":1,"minecraft:coal":4,"minecraft:ender_pearl":1,"emendatusenigmatica:zinc_crystal":2},"minecraft:custom":{"minecraft:inspect_hopper":359,"minecraft:interact_with_crafting_table":7,"minecraft:leave_game":76,"minecraft:time_since_death":7729708,"minecraft:sprint_one_cm":75,"minecraft:walk_one_cm":68546,"minecraft:drop":225,"minecraft:sneak_time":31445,"minecraft:walk_under_water_one_cm":91379,"minecraft:jump":220,"minecraft:walk_on_water_one_cm":16632,"minecraft:interact_with_furnace":19,"minecraft:play_one_minute":7729708,"minecraft:time_since_rest":7729708,"minecraft:damage_taken":20,"minecraft:swim_one_cm":20906,"minecraft:fly_one_cm":38490,"minecraft:open_chest":423,"minecraft:crouch_one_cm":10547}},"DataVersion":2586}