{"stats":{"minecraft:dropped":{"minecraft:diamond":21,"emendatusenigmatica:zinc_ingot":1,"minecraft:apple":19,"emendatusenigmatica:copper_ingot":10,"emendatusenigmatica:brass_ingot":2,"emendatusenigmatica:copper_plate":8,"contenttweaker:glass_vile":2,"immersiveengineering:hammer":1,"emendatusenigmatica:iron_gear":8,"create:dough":1,"create:zinc_ingot":1,"create:brass_ingot":1,"create:wheat_flour":2,"minecraft:arrow":9},"minecraft:crafted":{"emendatusenigmatica:copper_plate":3,"minecraft:crafting_table":1},"minecraft:used":{"immersiveengineering:conveyor_basic":2,"thermal:machine_crucible":1,"mekanism:configurator":17,"minecraft:redstone":5,"prettypipes:pressurizer":1,"mekanism:basic_fluid_tank":2,"minecraft:chest":7,"prettypipes:wrench":6,"create:fluid_tank":51,"create:mechanical_pump":4,"minecraft:dirt":18,"ironchest:diamond_chest":8,"storagenetwork:inventory_remote":1,"create:mechanical_mixer":1,"minecraft:hopper":11,"create:cogwheel":5,"ironchest:iron_chest":1,"immersiveengineering:connector_lv":11,"create:depot":5,"mekanism:basic_universal_cable":1,"integratedcrafting:part_interface_crafting":1,"immersivepetroleum:asphalt":3,"prettypipes:crafting_terminal":3,"mekanism:basic_energy_cube":5,"immersiveengineering:rs_engineering":1,"solarflux:sp_2":1,"solarflux:sp_1":1,"immersiveengineering:connector_lv_relay":1,"integrateddynamics:part_connector_omni_directional":3,"storagenetwork:master":1,"create:creative_motor":4,"minecraft:item_frame":6,"integrateddynamics:cable":3,"minecraft:bedrock":1,"immersiveengineering:concrete":3,"cobblefordays:tier_1":2,"contenttweaker:liquid_red_bucket":2,"create:shaft":3,"emendatusenigmatica:iron_ore":3,"minecraft:furnace":1,"ironchest:gold_chest":2,"create:smart_fluid_pipe":1,"integratedtunnels:part_interface_item":2,"minecraft:water_bucket":5,"thermal:machine_press":2,"minecraft:iron_ore":2,"steampowered:alternator":2,"sfm:crafter":1,"immersiveengineering:capacitor_lv":6,"immersiveengineering:capacitor_creative":9,"storagenetwork:crafting_remote":1,"minecraft:gold_ore":1,"create:spout":2,"minecraft:comparator":10,"solarflux:sp_5":1,"integratedterminals:terminal_storage_portable":2,"minecraft:crafting_table":5,"prettypipes:pipe":9,"thermal:machine_furnace":1,"thermal:machine_chiller":1,"emendatusenigmatica:gold_ore":1,"mekanism:creative_energy_cube":1,"prettypipes:item_terminal":3,"minecraft:redstone_torch":1,"minecraft:piston":1,"minecraft:lever":2,"immersiveengineering:hammer":9,"minecraft:diamond_pickaxe":2,"contenttweaker:liquid_yellow_bucket":1,"immersiveengineering:heavy_engineering":3,"thermal:machine_smelter":1,"mekanism:ultimate_logistical_transporter":11,"thermal:machine_crafter":1,"create:basin":9,"minecraft:potion":1,"integratedterminals:part_terminal_storage":1,"immersiveengineering:wirecoil_copper":16,"immersiveengineering:steel_scaffolding_standard":2,"solarflux:sp_8":2,"minecraft:stripped_oak_log":1,"immersiveengineering:treated_post":24},"minecraft:mined":{"minecraft:iron_ore":1,"emendatusenigmatica:iron_ore":1},"minecraft:picked_up":{"emendatusenigmatica:zinc_dirty_dust":2,"minecraft:crafting_table":7,"emendatusenigmatica:iron_chunk":57,"emendatusenigmatica:enderium_ingot":1,"immersiveengineering:coal_coke":1,"emendatusenigmatica:gold_chunk":2,"emendatusenigmatica:zinc_fragment":2,"emendatusenigmatica:constantan_ingot":3,"contenttweaker:iron_shard":2,"emendatusenigmatica:osmium_chunk":1,"contenttweaker:osmium_crystal":1,"contenttweaker:gold_shard":2,"emendatusenigmatica:silver_crystal":2,"contenttweaker:copper_silver_alloy":5,"emendatusenigmatica:aluminum_shard":2,"emendatusenigmatica:silver_shard":2,"emendatusenigmatica:tin_chunk":2,"emendatusenigmatica:aluminum_fragment":2,"contenttweaker:lead_dirty_dust":2,"minecraft:stone":69,"emendatusenigmatica:uranium_ingot":1,"emendatusenigmatica:tin_fragment":2,"emendatusenigmatica:aluminum_dirty_dust":2,"immersiveengineering:mold_gear":1,"contenttweaker:copper_shard":2,"minecraft:redstone":2,"emendatusenigmatica:nickel_chunk":2,"create:zinc_ingot":1,"integrateddynamics:variable":2,"contenttweaker:tin_dirty_dust":2,"emendatusenigmatica:uranium_chunk":1,"contenttweaker:lead_shard":2,"emendatusenigmatica:electrum_ingot":3,"immersiveengineering:treated_post":2,"emendatusenigmatica:zinc_shard":2,"prettypipes:low_crafting_module":1,"mekanism:ultimate_logistical_transporter":7,"emendatusenigmatica:brass_ingot":5,"create:andesite_encased_shaft":25,"minecraft:gold_ingot":3,"emendatusenigmatica:invar_ingot":4,"contenttweaker:lead_crystal":2,"contenttweaker:copper_dirty_dust":2,"minecraft:cobblestone":5,"contenttweaker:tin_silver_alloy":5,"emendatusenigmatica:zinc_chunk":2,"immersiveengineering:connector_lv":2,"prettypipes:low_extraction_module":1,"contenttweaker:gold_crystal":2,"contenttweaker:osmium_dirty_dust":1,"contenttweaker:uranium_shard":1,"emendatusenigmatica:steel_ingot":2,"emendatusenigmatica:silver_dirty_dust":2,"minecraft:oak_log":61,"contenttweaker:iron_crystal":2,"emendatusenigmatica:osmium_ingot":1,"immersiveengineering:connector_lv_relay":1,"emendatusenigmatica:osmium_fragment":1,"emendatusenigmatica:lead_fragment":2,"emendatusenigmatica:signalum_ingot":2,"emendatusenigmatica:nickel_fragment":2,"contenttweaker:iron_fragment":2,"contenttweaker:osmium_shard":1,"emendatusenigmatica:tin_ingot":6,"minecraft:apple":3,"emendatusenigmatica:aluminum_crystal":2,"emendatusenigmatica:nickel_ingot":4,"minecraft:iron_ingot":80,"minecraft:iron_ore":1,"emendatusenigmatica:copper_fragment":2,"contenttweaker:uranium_crystal":1,"minecraft:glowstone_dust":1,"emendatusenigmatica:cast_iron_ingot":2,"contenttweaker:iron_dirty_dust":2,"minecraft:oak_planks":112,"contenttweaker:tin_crystal":2,"emendatusenigmatica:aluminum_chunk":2,"emendatusenigmatica:lead_chunk":2,"contenttweaker:tin_shard":2,"emendatusenigmatica:lumium_ingot":2,"contenttweaker:uranium_dirty_dust":1,"emendatusenigmatica:silver_fragment":2,"emendatusenigmatica:silver_ingot":5,"emendatusenigmatica:copper_ingot":18,"emendatusenigmatica:silver_chunk":2,"emendatusenigmatica:aluminum_ingot":2,"contenttweaker:gold_dirty_dust":2,"emendatusenigmatica:bronze_ingot":5,"emendatusenigmatica:copper_gear":1,"thermal:chiller_ingot_cast":1,"create:wheat_flour":1,"emendatusenigmatica:lead_ingot":5,"emendatusenigmatica:zinc_ingot":4,"emendatusenigmatica:copper_chunk":2,"emendatusenigmatica:nickel_shard":2,"create:brass_ingot":1,"minecraft:diamond":3,"immersiveengineering:wirecoil_copper":6,"emendatusenigmatica:nickel_crystal":2,"emendatusenigmatica:nickel_dirty_dust":2,"emendatusenigmatica:uranium_fragment":1,"contenttweaker:gold_fragment":2,"contenttweaker:lead_diamond_alloy":5,"contenttweaker:copper_crystal":2,"minecraft:coal":2,"emendatusenigmatica:zinc_crystal":2,"minecraft:ender_pearl":1},"minecraft:custom":{"minecraft:inspect_hopper":145,"minecraft:interact_with_crafting_table":7,"minecraft:leave_game":46,"minecraft:time_since_death":4638315,"minecraft:walk_one_cm":22714,"minecraft:drop":85,"minecraft:sneak_time":11521,"minecraft:walk_under_water_one_cm":13815,"minecraft:jump":74,"minecraft:walk_on_water_one_cm":5319,"minecraft:interact_with_furnace":19,"minecraft:play_one_minute":4638315,"minecraft:time_since_rest":4638315,"minecraft:swim_one_cm":20906,"minecraft:fly_one_cm":12809,"minecraft:open_chest":265,"minecraft:crouch_one_cm":3760}},"DataVersion":2586}